path,class,ita,skin_tone_group
datasets\final\test\Acne\test_196__ProtectWyJQcm90ZWN0Il0_FocusFillWzI5NCwyMjIsIngiLDFd.jpeg,Acne,36.38435363769531,FST III (Medium)
datasets\final\test\Acne\test_acne-face-4-7__ProtectWyJQcm90ZWN0Il0_FocusFillWzI5NCwyMjIsIngiLDFd.jpeg,Acne,29.320476531982422,FST III (Medium)
datasets\final\test\Acne\test_acne-face-6-1__ProtectWyJQcm90ZWN0Il0_FocusFillWzI5NCwyMjIsInkiLDEwOF0.jpeg,Acne,35.72285842895508,FST III (Medium)
datasets\final\test\Acne\test_hidradenitis-suppurativa-42.jpg,Acne,41.15755081176758,FST I-II (Light)
datasets\final\test\Acne\test_hidradenitis-suppurativa-43.jpg,Acne,30.661884307861328,FST III (Medium)
datasets\final\test\Acne\test_milia-3.jpg,Acne,34.215702056884766,FST III (Medium)
datasets\final\test\Acne\test_rosacea-10.jpg,Acne,26.87813949584961,FST IV (Olive)
datasets\final\test\Acne\test_rosacea-59.jpg,Acne,34.82448959350586,FST III (Medium)
datasets\final\test\Acne\test_rosacea-62.jpg,Acne,14.314826965332031,FST V-VI (Dark)
datasets\final\test\Acne\test_rosacea-84.jpg,Acne,31.93844985961914,FST III (Medium)
datasets\final\test\Acne\test_rosacea-88.jpg,Acne,20.806791305541992,FST IV (Olive)
datasets\final\test\Acne\test_rosacea-93.jpg,Acne,33.77754211425781,FST III (Medium)
datasets\final\test\Acne\test_rosacea-nose-40.jpg,Acne,37.45058059692383,FST III (Medium)
datasets\final\test\Acne\test_Sebaceous-glands-Areola-4.jpg,Acne,23.543445587158203,FST IV (Olive)
datasets\final\test\Acne\train_07rosacea010206OK.jpg,Acne,34.69515609741211,FST III (Medium)
datasets\final\test\Acne\train_07RosaceaMilia0120.jpg,Acne,33.98952102661133,FST III (Medium)
datasets\final\test\Acne\train_acne-closed-comedo-17.jpg,Acne,43.95074462890625,FST I-II (Light)
datasets\final\test\Acne\train_acne-closed-comedo-2.jpg,Acne,35.618492126464844,FST III (Medium)
datasets\final\test\Acne\train_acne-closed-comedo-26.jpg,Acne,37.54975128173828,FST III (Medium)
datasets\final\test\Acne\train_acne-closed-comedo-3.jpg,Acne,37.54792404174805,FST III (Medium)
datasets\final\test\Acne\train_acne-cystic-104.jpg,Acne,40.71712112426758,FST III (Medium)
datasets\final\test\Acne\train_acne-cystic-109.jpeg,Acne,37.621463775634766,FST III (Medium)
datasets\final\test\Acne\train_acne-cystic-111.jpeg,Acne,37.95928192138672,FST III (Medium)
datasets\final\test\Acne\train_acne-cystic-129.jpeg,Acne,37.5685920715332,FST III (Medium)
datasets\final\test\Acne\train_acne-cystic-143.jpeg,Acne,24.97391128540039,FST IV (Olive)
datasets\final\test\Acne\train_acne-cystic-148.jpeg,Acne,22.9195556640625,FST IV (Olive)
datasets\final\test\Acne\train_acne-cystic-18.jpg,Acne,33.783077239990234,FST III (Medium)
datasets\final\test\Acne\train_acne-cystic-21.jpg,Acne,23.853906631469727,FST IV (Olive)
datasets\final\test\Acne\train_acne-cystic-39.jpg,Acne,36.25383758544922,FST III (Medium)
datasets\final\test\Acne\train_acne-cystic-40.jpg,Acne,27.84162712097168,FST IV (Olive)
datasets\final\test\Acne\train_acne-cystic-58.jpg,Acne,25.68364715576172,FST IV (Olive)
datasets\final\test\Acne\train_acne-cystic-87.jpeg,Acne,40.86793899536133,FST III (Medium)
datasets\final\test\Acne\train_acne-cystic-9.jpg,Acne,43.894039154052734,FST I-II (Light)
datasets\final\test\Acne\train_acne-cystic-91.jpeg,Acne,37.90330505371094,FST III (Medium)
datasets\final\test\Acne\train_acne-cystic-98.jpeg,Acne,50.47140884399414,FST I-II (Light)
datasets\final\test\Acne\train_acne-excoriated-15.jpeg,Acne,39.062583923339844,FST III (Medium)
datasets\final\test\Acne\train_acne-excoriated-19.jpeg,Acne,10.885526657104492,FST V-VI (Dark)
datasets\final\test\Acne\train_acne-excoriated-6.jpeg,Acne,31.67547035217285,FST III (Medium)
datasets\final\test\Acne\train_acne-face-1-12__ProtectWyJQcm90ZWN0Il0_FocusFillWzI5NCwyMjIsIngiLDFd.jpeg,Acne,34.78602600097656,FST III (Medium)
datasets\final\test\Acne\train_acne-face-1-1__ProtectWyJQcm90ZWN0Il0_FocusFillWzI5NCwyMjIsInkiLDg1XQ.jpeg,Acne,26.896236419677734,FST IV (Olive)
datasets\final\test\Acne\train_acne-face-1-39__ProtectWyJQcm90ZWN0Il0_FocusFillWzI5NCwyMjIsInkiLDg1XQ.jpeg,Acne,29.357755661010742,FST III (Medium)
datasets\final\test\Acne\train_acne-face-15__ProtectWyJQcm90ZWN0Il0_FocusFillWzI5NCwyMjIsIngiLDFd.jpeg,Acne,26.737110137939453,FST IV (Olive)
datasets\final\test\Acne\train_acne-face-16__ProtectWyJQcm90ZWN0Il0_FocusFillWzI5NCwyMjIsIngiLDFd.jpeg,Acne,43.54187774658203,FST I-II (Light)
datasets\final\test\Acne\train_acne-face-2-10__ProtectWyJQcm90ZWN0Il0_FocusFillWzI5NCwyMjIsIngiLDFd.jpeg,Acne,39.844417572021484,FST III (Medium)
datasets\final\test\Acne\train_acne-face-2-30__ProtectWyJQcm90ZWN0Il0_FocusFillWzI5NCwyMjIsIngiLDFd.jpeg,Acne,31.630661010742188,FST III (Medium)
datasets\final\test\Acne\train_acne-face-2-35__ProtectWyJQcm90ZWN0Il0_FocusFillWzI5NCwyMjIsIngiLDFd.jpeg,Acne,31.669736862182617,FST III (Medium)
datasets\final\test\Acne\train_acne-face-2-7__ProtectWyJQcm90ZWN0Il0_FocusFillWzI5NCwyMjIsIngiLDFd.jpeg,Acne,29.337892532348633,FST III (Medium)
datasets\final\test\Acne\train_acne-face-20-1__ProtectWyJQcm90ZWN0Il0_FocusFillWzI5NCwyMjIsIngiLDFd.jpeg,Acne,24.702430725097656,FST IV (Olive)
datasets\final\test\Acne\train_acne-face-20__ProtectWyJQcm90ZWN0Il0_FocusFillWzI5NCwyMjIsIngiLDE4XQ.jpeg,Acne,19.14813804626465,FST IV (Olive)
datasets\final\test\Acne\train_acne-face-23__ProtectWyJQcm90ZWN0Il0_FocusFillWzI5NCwyMjIsIngiLDFd.jpeg,Acne,34.811370849609375,FST III (Medium)
datasets\final\test\Acne\train_acne-face-24-1__ProtectWyJQcm90ZWN0Il0_FocusFillWzI5NCwyMjIsInkiLDg1XQ.jpeg,Acne,50.591556549072266,FST I-II (Light)
datasets\final\test\Acne\train_acne-face-3-18__ProtectWyJQcm90ZWN0Il0_FocusFillWzI5NCwyMjIsIngiLDFd.jpeg,Acne,33.690067291259766,FST III (Medium)
datasets\final\test\Acne\train_acne-face-5-2__ProtectWyJQcm90ZWN0Il0_FocusFillWzI5NCwyMjIsInkiLDEwOF0.jpeg,Acne,39.138458251953125,FST III (Medium)
datasets\final\test\Acne\train_acne-face-57__ProtectWyJQcm90ZWN0Il0_FocusFillWzI5NCwyMjIsIngiLDFd.jpeg,Acne,28.231918334960938,FST III (Medium)
datasets\final\test\Acne\train_acne-face-71__ProtectWyJQcm90ZWN0Il0_FocusFillWzI5NCwyMjIsIngiLDFd.jpeg,Acne,31.54676628112793,FST III (Medium)
datasets\final\test\Acne\train_acne-face-74__ProtectWyJQcm90ZWN0Il0_FocusFillWzI5NCwyMjIsIngiLDFd.jpeg,Acne,21.03750991821289,FST IV (Olive)
datasets\final\test\Acne\train_acne-face-77__ProtectWyJQcm90ZWN0Il0_FocusFillWzI5NCwyMjIsIngiLDFd.jpeg,Acne,29.992733001708984,FST III (Medium)
datasets\final\test\Acne\train_acne-face-8-2__ProtectWyJQcm90ZWN0Il0_FocusFillWzI5NCwyMjIsIngiLDFd.jpeg,Acne,34.78602600097656,FST III (Medium)
datasets\final\test\Acne\train_acne-infantile-1.jpeg,Acne,36.00285720825195,FST III (Medium)
datasets\final\test\Acne\train_acne-infantile-11.jpeg,Acne,30.742965698242188,FST III (Medium)
datasets\final\test\Acne\train_acne-infantile-13.jpeg,Acne,11.159944534301758,FST V-VI (Dark)
datasets\final\test\Acne\train_acne-infantile-4.jpg,Acne,24.473718643188477,FST IV (Olive)
datasets\final\test\Acne\train_acne-open-comedo-11.jpeg,Acne,35.57722091674805,FST III (Medium)
datasets\final\test\Acne\train_acne-open-comedo-15.jpeg,Acne,14.604447364807129,FST V-VI (Dark)
datasets\final\test\Acne\train_acne-open-comedo-21.jpeg,Acne,39.805572509765625,FST III (Medium)
datasets\final\test\Acne\train_acne-open-comedo-44.jpeg,Acne,29.835540771484375,FST III (Medium)
datasets\final\test\Acne\train_acne-open-comedo-48.jpeg,Acne,32.175601959228516,FST III (Medium)
datasets\final\test\Acne\train_acne-open-comedo-57.jpg,Acne,39.60224914550781,FST III (Medium)
datasets\final\test\Acne\train_acne-primary-lesion-5.jpg,Acne,39.84791946411133,FST III (Medium)
datasets\final\test\Acne\train_acne-pustular-1.jpeg,Acne,36.73680877685547,FST III (Medium)
datasets\final\test\Acne\train_acne-pustular-10.jpeg,Acne,30.65066909790039,FST III (Medium)
datasets\final\test\Acne\train_acne-pustular-15.jpeg,Acne,36.869895935058594,FST III (Medium)
datasets\final\test\Acne\train_acne-pustular-17.jpeg,Acne,36.8074836730957,FST III (Medium)
datasets\final\test\Acne\train_acne-pustular-24.jpeg,Acne,26.250242233276367,FST IV (Olive)
datasets\final\test\Acne\train_acne-pustular-35.jpg,Acne,41.94130325317383,FST I-II (Light)
datasets\final\test\Acne\train_acne-pustular-40.jpeg,Acne,10.477423667907715,FST V-VI (Dark)
datasets\final\test\Acne\train_acne-pustular-62.jpg,Acne,32.793495178222656,FST III (Medium)
datasets\final\test\Acne\train_acne-pustular-70.jpeg,Acne,39.02843475341797,FST III (Medium)
datasets\final\test\Acne\train_acne-pustular-71.jpeg,Acne,29.88283348083496,FST III (Medium)
datasets\final\test\Acne\train_hidradenitis-suppurativa-16.jpg,Acne,27.172941207885742,FST IV (Olive)
datasets\final\test\Acne\train_hidradenitis-suppurativa-18.jpg,Acne,15.945396423339844,FST V-VI (Dark)
datasets\final\test\Acne\train_hidradenitis-suppurativa-38.jpg,Acne,29.70140838623047,FST III (Medium)
datasets\final\test\Acne\train_hidradenitis-suppurativa-65.jpg,Acne,49.91178894042969,FST I-II (Light)
datasets\final\test\Acne\train_hidradenitis-suppurativa-72.jpg,Acne,31.792072296142578,FST III (Medium)
datasets\final\test\Acne\train_hidradenitis-suppurativa-80.jpg,Acne,38.00609588623047,FST III (Medium)
datasets\final\test\Acne\train_hyperhidrosis-4.jpg,Acne,24.04422378540039,FST IV (Olive)
datasets\final\test\Acne\train_milia-15.jpg,Acne,17.730527877807617,FST V-VI (Dark)
datasets\final\test\Acne\train_milia-4.jpg,Acne,25.432231903076172,FST IV (Olive)
datasets\final\test\Acne\train_milia-5.jpg,Acne,35.423011779785156,FST III (Medium)
datasets\final\test\Acne\train_minocycline-pigmentation-2.jpg,Acne,20.170654296875,FST IV (Olive)
datasets\final\test\Acne\train_perioral-dermatitis-1.jpg,Acne,34.14049530029297,FST III (Medium)
datasets\final\test\Acne\train_perioral-dermatitis-115.jpg,Acne,35.04539489746094,FST III (Medium)
datasets\final\test\Acne\train_perioral-dermatitis-118.jpg,Acne,34.58214569091797,FST III (Medium)
datasets\final\test\Acne\train_perioral-dermatitis-119.jpg,Acne,27.552812576293945,FST IV (Olive)
datasets\final\test\Acne\train_perioral-dermatitis-121.jpg,Acne,30.59331512451172,FST III (Medium)
datasets\final\test\Acne\train_perioral-dermatitis-129.jpg,Acne,42.147090911865234,FST I-II (Light)
datasets\final\test\Acne\train_perioral-dermatitis-23.jpg,Acne,19.756000518798828,FST IV (Olive)
datasets\final\test\Acne\train_perioral-dermatitis-3.jpg,Acne,34.31089401245117,FST III (Medium)
datasets\final\test\Acne\train_perioral-dermatitis-36.jpg,Acne,36.21883773803711,FST III (Medium)
datasets\final\test\Acne\train_perioral-dermatitis-97.jpg,Acne,31.709197998046875,FST III (Medium)
datasets\final\test\Acne\train_rhinophyma-3.jpg,Acne,25.4807186126709,FST IV (Olive)
datasets\final\test\Acne\train_rhinophyma-4.jpg,Acne,19.510799407958984,FST IV (Olive)
datasets\final\test\Acne\train_rosacea-111.jpg,Acne,36.63411331176758,FST III (Medium)
datasets\final\test\Acne\train_rosacea-17.jpg,Acne,34.99201965332031,FST III (Medium)
datasets\final\test\Acne\train_rosacea-44.jpg,Acne,28.82784080505371,FST III (Medium)
datasets\final\test\Acne\train_rosacea-52.jpg,Acne,40.08821105957031,FST III (Medium)
datasets\final\test\Acne\train_rosacea-64.jpg,Acne,48.92388916015625,FST I-II (Light)
datasets\final\test\Acne\train_rosacea-65.jpg,Acne,34.811370849609375,FST III (Medium)
datasets\final\test\Acne\train_rosacea-71.jpg,Acne,34.48995590209961,FST III (Medium)
datasets\final\test\Acne\train_rosacea-83.jpg,Acne,36.93876266479492,FST III (Medium)
datasets\final\test\Acne\train_rosacea-nose-44.jpg,Acne,35.882137298583984,FST III (Medium)
datasets\final\test\Acne\train_rosacea-nose-56.jpg,Acne,29.124053955078125,FST III (Medium)
datasets\final\test\Acne\train_rosacea-nose-8.jpg,Acne,29.43541717529297,FST III (Medium)
datasets\final\test\Acne\train_Sebaceous-glands-Areola-2.jpg,Acne,28.249736785888672,FST III (Medium)
datasets\final\test\Acne\valid_acne-077-v2__ProtectWyJQcm90ZWN0Il0_FocusFillWzI5NCwyMjIsIngiLDFd.jpeg,Acne,23.1508846282959,FST IV (Olive)
datasets\final\test\Acne\valid_acne-cystic-55.jpeg,Acne,42.52994918823242,FST I-II (Light)
datasets\final\test\Candidiasis\test_1308__ProtectWyJQcm90ZWN0Il0_FocusFillWzI5NCwyMjIsIngiLDFd.jpeg,Candidiasis,35.020076751708984,FST III (Medium)
datasets\final\test\Candidiasis\train_1285-small__ProtectWyJQcm90ZWN0Il0_FocusFillWzI5NCwyMjIsInkiLDg1XQ.jpeg,Candidiasis,31.027067184448242,FST III (Medium)
datasets\final\test\Candidiasis\train_1298__ProtectWyJQcm90ZWN0Il0_FocusFillWzI5NCwyMjIsIngiLDFd.jpeg,Candidiasis,27.51200294494629,FST IV (Olive)
datasets\final\test\Candidiasis\train_1305-small__ProtectWyJQcm90ZWN0Il0_FocusFillWzI5NCwyMjIsInkiLDg1XQ.jpeg,Candidiasis,41.33806228637695,FST I-II (Light)
datasets\final\test\Candidiasis\train_candida-penis-16.jpeg,Candidiasis,24.08319664001465,FST IV (Olive)
datasets\final\test\Candidiasis\train_candida-penis-40.jpeg,Candidiasis,28.178590774536133,FST III (Medium)
datasets\final\test\Candidiasis\train_candida-penis-43.jpeg,Candidiasis,10.072478294372559,FST V-VI (Dark)
datasets\final\test\Candidiasis\train_candida-penis-47.jpeg,Candidiasis,34.05326843261719,FST III (Medium)
datasets\final\test\Candidiasis\train_Candida-penis-765.jpeg,Candidiasis,34.068878173828125,FST III (Medium)
datasets\final\test\Candidiasis\train_candidiasis-diaper-1.jpeg,Candidiasis,18.02472496032715,FST V-VI (Dark)
datasets\final\test\Candidiasis\train_candidiasis-diaper-31.jpeg,Candidiasis,14.656750679016113,FST V-VI (Dark)
datasets\final\test\Candidiasis\train_candidiasis-large-skin-folds-106.jpeg,Candidiasis,19.29004669189453,FST IV (Olive)
datasets\final\test\Candidiasis\train_candidiasis-large-skin-folds-108.jpeg,Candidiasis,44.24944305419922,FST I-II (Light)
datasets\final\test\Candidiasis\train_candidiasis-large-skin-folds-127.jpeg,Candidiasis,17.35402488708496,FST V-VI (Dark)
datasets\final\test\Candidiasis\train_candidiasis-large-skin-folds-129.jpeg,Candidiasis,33.42481231689453,FST III (Medium)
datasets\final\test\Candidiasis\train_candidiasis-large-skin-folds-13.jpeg,Candidiasis,42.84703826904297,FST I-II (Light)
datasets\final\test\Candidiasis\train_candidiasis-large-skin-folds-130.jpeg,Candidiasis,28.300756454467773,FST III (Medium)
datasets\final\test\Candidiasis\train_candidiasis-large-skin-folds-135.jpeg,Candidiasis,27.957988739013672,FST IV (Olive)
datasets\final\test\Candidiasis\train_candidiasis-large-skin-folds-141.jpeg,Candidiasis,36.55680847167969,FST III (Medium)
datasets\final\test\Candidiasis\train_candidiasis-large-skin-folds-146.jpeg,Candidiasis,33.690067291259766,FST III (Medium)
datasets\final\test\Candidiasis\train_candidiasis-large-skin-folds-151.jpeg,Candidiasis,22.01898765563965,FST IV (Olive)
datasets\final\test\Candidiasis\train_candidiasis-large-skin-folds-163.jpeg,Candidiasis,44.59651565551758,FST I-II (Light)
datasets\final\test\Candidiasis\train_candidiasis-large-skin-folds-90.jpeg,Candidiasis,32.08218765258789,FST III (Medium)
datasets\final\test\Candidiasis\train_candidiasis-large-skin-folds-91.jpeg,Candidiasis,31.21840476989746,FST III (Medium)
datasets\final\test\Candidiasis\train_candidiasis-large-skin-folds-96.jpeg,Candidiasis,28.429048538208008,FST III (Medium)
datasets\final\test\Candidiasis\train_candidiasis-mouth-11.jpeg,Candidiasis,23.886499404907227,FST IV (Olive)
datasets\final\test\Eczema\test_05Atopic010203.jpeg,Eczema,33.690067291259766,FST III (Medium)
datasets\final\test\Eczema\test_05Atopic0712046.jpeg,Eczema,30.379127502441406,FST III (Medium)
datasets\final\test\Eczema\test_05atopicInfection67-GP3.jpeg,Eczema,32.668861389160156,FST III (Medium)
datasets\final\test\Eczema\test_3Eczema3-021.jpeg,Eczema,34.191768646240234,FST III (Medium)
datasets\final\test\Eczema\test_Dyshidrosis-3.jpg,Eczema,35.0683479309082,FST III (Medium)
datasets\final\test\Eczema\test_eczema-fingertips-109.jpeg,Eczema,36.869895935058594,FST III (Medium)
datasets\final\test\Eczema\test_eczema-fingertips-84.jpeg,Eczema,48.16949462890625,FST I-II (Light)
datasets\final\test\Eczema\test_fiberglass-dermatitis-6.jpg,Eczema,12.765565872192383,FST V-VI (Dark)
datasets\final\test\Eczema\test_iododerma-2.jpg,Eczema,33.9704704284668,FST III (Medium)
datasets\final\test\Eczema\test_keratolysis-exfoliativa-48.jpg,Eczema,15.672820091247559,FST V-VI (Dark)
datasets\final\test\Eczema\test_lichen-simplex-chronicus-138.jpg,Eczema,15.255118370056152,FST V-VI (Dark)
datasets\final\test\Eczema\test_lichen-simplex-chronicus-180.jpg,Eczema,10.124671936035156,FST V-VI (Dark)
datasets\final\test\Eczema\test_lichen-simplex-chronicus-93.jpg,Eczema,37.12369918823242,FST III (Medium)
datasets\final\test\Eczema\test_neurotic-excoriations-1.jpg,Eczema,17.84429168701172,FST V-VI (Dark)
datasets\final\test\Eczema\test_neurotic-excoriations-19.jpg,Eczema,39.248600006103516,FST III (Medium)
datasets\final\test\Eczema\test_neurotic-excoriations-22.jpg,Eczema,43.48687744140625,FST I-II (Light)
datasets\final\test\Eczema\test_neurotic-excoriations-28.jpg,Eczema,38.03653335571289,FST III (Medium)
datasets\final\test\Eczema\test_prurigo-nodularis-22.jpg,Eczema,27.77656364440918,FST IV (Olive)
datasets\final\test\Eczema\test_stasis-dermatitis-92.jpg,Eczema,11.689369201660156,FST V-VI (Dark)
datasets\final\test\Eczema\train_chapped-fissured-feet-18.jpg,Eczema,29.23580551147461,FST III (Medium)
datasets\final\test\Eczema\train_chapped-fissured-feet-21.jpg,Eczema,30.018367767333984,FST III (Medium)
datasets\final\test\Eczema\train_desquamation-8.jpg,Eczema,11.62216854095459,FST V-VI (Dark)
datasets\final\test\Eczema\train_Dyshidrosis-1.jpg,Eczema,34.875328063964844,FST III (Medium)
datasets\final\test\Eczema\train_Dyshidrosis-17.jpg,Eczema,33.95906066894531,FST III (Medium)
datasets\final\test\Eczema\train_Dyshidrosis-21.jpg,Eczema,34.69515609741211,FST III (Medium)
datasets\final\test\Eczema\train_Dyshidrosis-48.jpg,Eczema,21.42045783996582,FST IV (Olive)
datasets\final\test\Eczema\train_eczema-acute-14.jpeg,Eczema,28.535137176513672,FST III (Medium)
datasets\final\test\Eczema\train_eczema-acute-2.jpeg,Eczema,37.002525329589844,FST III (Medium)
datasets\final\test\Eczema\train_eczema-areola-1.jpeg,Eczema,24.53772735595703,FST IV (Olive)
datasets\final\test\Eczema\train_eczema-areola-11.jpeg,Eczema,40.49781036376953,FST III (Medium)
datasets\final\test\Eczema\train_eczema-areola-18.jpeg,Eczema,19.5731258392334,FST IV (Olive)
datasets\final\test\Eczema\train_eczema-areola-21.jpeg,Eczema,39.41739273071289,FST III (Medium)
datasets\final\test\Eczema\train_eczema-areola-4.jpeg,Eczema,33.13561248779297,FST III (Medium)
datasets\final\test\Eczema\train_eczema-arms-4.jpeg,Eczema,37.278175354003906,FST III (Medium)
datasets\final\test\Eczema\train_eczema-asteatotic-19.jpeg,Eczema,35.34502410888672,FST III (Medium)
datasets\final\test\Eczema\train_eczema-asteatotic-3.jpeg,Eczema,35.618492126464844,FST III (Medium)
datasets\final\test\Eczema\train_eczema-asteatotic-40.jpeg,Eczema,38.75474548339844,FST III (Medium)
datasets\final\test\Eczema\train_eczema-asteatotic-44.jpeg,Eczema,37.0565299987793,FST III (Medium)
datasets\final\test\Eczema\train_eczema-asteatotic-48.jpeg,Eczema,39.71455383300781,FST III (Medium)
datasets\final\test\Eczema\train_eczema-asteatotic-50.jpeg,Eczema,36.518394470214844,FST III (Medium)
datasets\final\test\Eczema\train_eczema-asteatotic-6.jpeg,Eczema,39.01504898071289,FST III (Medium)
datasets\final\test\Eczema\train_eczema-chronic-14.jpeg,Eczema,26.08892059326172,FST IV (Olive)
datasets\final\test\Eczema\train_eczema-chronic-25.jpeg,Eczema,36.740562438964844,FST III (Medium)
datasets\final\test\Eczema\train_eczema-chronic-27.jpeg,Eczema,31.38022804260254,FST III (Medium)
datasets\final\test\Eczema\train_eczema-chronic-29.jpeg,Eczema,32.5248908996582,FST III (Medium)
datasets\final\test\Eczema\train_eczema-chronic-35.jpeg,Eczema,34.738624572753906,FST III (Medium)
datasets\final\test\Eczema\train_eczema-chronic-37.jpeg,Eczema,25.221115112304688,FST IV (Olive)
datasets\final\test\Eczema\train_eczema-chronic-38.jpeg,Eczema,34.2562141418457,FST III (Medium)
datasets\final\test\Eczema\train_eczema-chronic-53.jpeg,Eczema,36.68972396850586,FST III (Medium)
datasets\final\test\Eczema\train_eczema-ears-2.jpeg,Eczema,29.488908767700195,FST III (Medium)
datasets\final\test\Eczema\train_eczema-ears-3.jpeg,Eczema,31.70142936706543,FST III (Medium)
datasets\final\test\Eczema\train_eczema-face-2.jpg,Eczema,10.91588306427002,FST V-VI (Dark)
datasets\final\test\Eczema\train_eczema-face-6.jpeg,Eczema,37.002525329589844,FST III (Medium)
datasets\final\test\Eczema\train_eczema-fingertips-123.jpeg,Eczema,33.690067291259766,FST III (Medium)
datasets\final\test\Eczema\train_eczema-fingertips-13.jpeg,Eczema,30.777528762817383,FST III (Medium)
datasets\final\test\Eczema\train_eczema-fingertips-138.jpeg,Eczema,36.66862487792969,FST III (Medium)
datasets\final\test\Eczema\train_eczema-fingertips-141.jpeg,Eczema,42.137596130371094,FST I-II (Light)
datasets\final\test\Eczema\train_eczema-fingertips-48.jpeg,Eczema,27.957988739013672,FST IV (Olive)
datasets\final\test\Eczema\train_eczema-fingertips-49.jpeg,Eczema,25.746597290039062,FST IV (Olive)
datasets\final\test\Eczema\train_eczema-fingertips-61.jpeg,Eczema,17.378925323486328,FST V-VI (Dark)
datasets\final\test\Eczema\train_eczema-foot-35.jpeg,Eczema,24.281461715698242,FST IV (Olive)
datasets\final\test\Eczema\train_eczema-foot-4.jpeg,Eczema,30.160058975219727,FST III (Medium)
datasets\final\test\Eczema\train_eczema-foot-53.jpg,Eczema,25.104568481445312,FST IV (Olive)
datasets\final\test\Eczema\train_eczema-foot-60.jpeg,Eczema,37.138572692871094,FST III (Medium)
datasets\final\test\Eczema\train_eczema-foot-64.jpeg,Eczema,43.593017578125,FST I-II (Light)
datasets\final\test\Eczema\train_eczema-foot-69.jpg,Eczema,34.31880187988281,FST III (Medium)
datasets\final\test\Eczema\train_eczema-foot-89.jpeg,Eczema,49.8645133972168,FST I-II (Light)
datasets\final\test\Eczema\train_eczema-hand-113.jpeg,Eczema,35.20218276977539,FST III (Medium)
datasets\final\test\Eczema\train_eczema-hand-121.jpeg,Eczema,39.24543380737305,FST III (Medium)
datasets\final\test\Eczema\train_eczema-hand-142.jpeg,Eczema,29.93976593017578,FST III (Medium)
datasets\final\test\Eczema\train_eczema-hand-146.jpeg,Eczema,36.706817626953125,FST III (Medium)
datasets\final\test\Eczema\train_eczema-hand-158.jpeg,Eczema,34.93931198120117,FST III (Medium)
datasets\final\test\Eczema\train_eczema-hand-162.jpeg,Eczema,49.62550354003906,FST I-II (Light)
datasets\final\test\Eczema\train_eczema-hand-166.jpg,Eczema,39.109375,FST III (Medium)
datasets\final\test\Eczema\train_eczema-hand-169.jpg,Eczema,38.04704284667969,FST III (Medium)
datasets\final\test\Eczema\train_eczema-hand-188.jpeg,Eczema,44.777061462402344,FST I-II (Light)
datasets\final\test\Eczema\train_eczema-hand-91.jpeg,Eczema,36.30449676513672,FST III (Medium)
datasets\final\test\Eczema\train_eczema-hyperkeratotic-1.jpeg,Eczema,30.770408630371094,FST III (Medium)
datasets\final\test\Eczema\train_eczema-leg-6.jpeg,Eczema,40.04972839355469,FST III (Medium)
datasets\final\test\Eczema\train_eczema-leg-9.jpeg,Eczema,31.0247745513916,FST III (Medium)
datasets\final\test\Eczema\train_eczema-nummular-103.jpeg,Eczema,28.84265899658203,FST III (Medium)
datasets\final\test\Eczema\train_eczema-nummular-107.jpg,Eczema,31.817035675048828,FST III (Medium)
datasets\final\test\Eczema\train_eczema-nummular-109.jpeg,Eczema,28.875444412231445,FST III (Medium)
datasets\final\test\Eczema\train_eczema-nummular-121.jpeg,Eczema,39.55966567993164,FST III (Medium)
datasets\final\test\Eczema\train_eczema-nummular-143.jpeg,Eczema,32.290611267089844,FST III (Medium)
datasets\final\test\Eczema\train_eczema-nummular-167.jpeg,Eczema,36.627891540527344,FST III (Medium)
datasets\final\test\Eczema\train_eczema-nummular-17.jpg,Eczema,39.41739273071289,FST III (Medium)
datasets\final\test\Eczema\train_eczema-nummular-174.jpeg,Eczema,42.58049392700195,FST I-II (Light)
datasets\final\test\Eczema\train_eczema-nummular-182.jpeg,Eczema,37.33713150024414,FST III (Medium)
datasets\final\test\Eczema\train_eczema-nummular-191.jpeg,Eczema,37.815731048583984,FST III (Medium)
datasets\final\test\Eczema\train_eczema-nummular-201.jpeg,Eczema,32.61924362182617,FST III (Medium)
datasets\final\test\Eczema\train_eczema-nummular-89.jpeg,Eczema,17.601181030273438,FST V-VI (Dark)
datasets\final\test\Eczema\train_eczema-nummular-91.jpeg,Eczema,25.416006088256836,FST IV (Olive)
datasets\final\test\Eczema\train_eczema-subacute-10.jpeg,Eczema,37.58850860595703,FST III (Medium)
datasets\final\test\Eczema\train_eczema-subacute-44.jpg,Eczema,30.30658721923828,FST III (Medium)
datasets\final\test\Eczema\train_eczema-subacute-5.jpeg,Eczema,38.908485412597656,FST III (Medium)
datasets\final\test\Eczema\train_eczema-subacute-71.jpeg,Eczema,38.6171760559082,FST III (Medium)
datasets\final\test\Eczema\train_eczema-subacute-77.jpeg,Eczema,33.50343704223633,FST III (Medium)
datasets\final\test\Eczema\train_eczema-subacute-81.jpeg,Eczema,43.693809509277344,FST I-II (Light)
datasets\final\test\Eczema\train_eczema-subacute-92.jpeg,Eczema,36.869895935058594,FST III (Medium)
datasets\final\test\Eczema\train_eczema-subacute-97.jpeg,Eczema,35.83765411376953,FST III (Medium)
datasets\final\test\Eczema\train_eczema-trunk-generalized-18.jpeg,Eczema,28.442930221557617,FST III (Medium)
datasets\final\test\Eczema\train_eczema-trunk-generalized-19.jpeg,Eczema,36.55680847167969,FST III (Medium)
datasets\final\test\Eczema\train_eczema-trunk-generalized-4.jpeg,Eczema,31.304122924804688,FST III (Medium)
datasets\final\test\Eczema\train_eczema-trunk-generalized-6.jpeg,Eczema,28.178590774536133,FST III (Medium)
datasets\final\test\Eczema\train_eczema-trunk-generalized-7.jpeg,Eczema,40.01063919067383,FST III (Medium)
datasets\final\test\Eczema\train_eczema-vulva-1.jpeg,Eczema,33.401668548583984,FST III (Medium)
datasets\final\test\Eczema\train_fissure-11.jpg,Eczema,22.680561065673828,FST IV (Olive)
datasets\final\test\Eczema\train_heels-dry-cracked-8.jpg,Eczema,30.483301162719727,FST III (Medium)
datasets\final\test\Eczema\train_id-reaction-3.jpg,Eczema,37.69424057006836,FST III (Medium)
datasets\final\test\Eczema\train_id-reaction-4.jpg,Eczema,21.388622283935547,FST IV (Olive)
datasets\final\test\Eczema\train_id-reaction-9.jpg,Eczema,29.475889205932617,FST III (Medium)
datasets\final\test\Eczema\train_iododerma-3.jpg,Eczema,32.07786560058594,FST III (Medium)
datasets\final\test\Eczema\train_keratolysis-exfoliativa-18.jpg,Eczema,34.07719802856445,FST III (Medium)
datasets\final\test\Eczema\train_keratolysis-exfoliativa-7.jpg,Eczema,43.41514587402344,FST I-II (Light)
datasets\final\test\Eczema\train_lichen-simplex-chronicus-10.jpg,Eczema,42.83521270751953,FST I-II (Light)
datasets\final\test\Eczema\train_lichen-simplex-chronicus-105.jpg,Eczema,35.235443115234375,FST III (Medium)
datasets\final\test\Eczema\train_lichen-simplex-chronicus-112.jpg,Eczema,28.41763687133789,FST III (Medium)
datasets\final\test\Eczema\train_lichen-simplex-chronicus-13.jpg,Eczema,38.290164947509766,FST III (Medium)
datasets\final\test\Eczema\train_lichen-simplex-chronicus-17.jpg,Eczema,34.69515609741211,FST III (Medium)
datasets\final\test\Eczema\train_lichen-simplex-chronicus-182.jpg,Eczema,15.788707733154297,FST V-VI (Dark)
datasets\final\test\Eczema\train_lichen-simplex-chronicus-187.jpg,Eczema,32.4986457824707,FST III (Medium)
datasets\final\test\Eczema\train_lichen-simplex-chronicus-80.jpg,Eczema,28.21017074584961,FST III (Medium)
datasets\final\test\Eczema\train_malum-ulcer-1.jpg,Eczema,-3.3913395404815674,FST V-VI (Dark)
datasets\final\test\Eczema\train_neurotic-excoriations-17.jpg,Eczema,40.53915023803711,FST III (Medium)
datasets\final\test\Eczema\train_neurotic-excoriations-32.jpg,Eczema,22.905771255493164,FST IV (Olive)
datasets\final\test\Eczema\train_neurotic-excoriations-59.jpg,Eczema,33.690067291259766,FST III (Medium)
datasets\final\test\Eczema\train_phlebitis-superficial-1.jpg,Eczema,33.593448638916016,FST III (Medium)
datasets\final\test\Eczema\train_pompholyx-12.jpg,Eczema,37.29251480102539,FST III (Medium)
datasets\final\test\Eczema\train_pompholyx-23.jpg,Eczema,36.61439895629883,FST III (Medium)
datasets\final\test\Eczema\train_pompholyx-24.jpg,Eczema,34.99201965332031,FST III (Medium)
datasets\final\test\Eczema\train_pompholyx-31.jpg,Eczema,39.76441192626953,FST III (Medium)
datasets\final\test\Eczema\train_pompholyx-33.jpg,Eczema,34.032127380371094,FST III (Medium)
datasets\final\test\Eczema\train_prurigo-nodularis-29.jpg,Eczema,27.56720733642578,FST IV (Olive)
datasets\final\test\Eczema\train_prurigo-nodularis-37.jpg,Eczema,28.691770553588867,FST III (Medium)
datasets\final\test\Eczema\train_stasis-dermatitis-10.jpg,Eczema,30.411083221435547,FST III (Medium)
datasets\final\test\Eczema\train_stasis-dermatitis-103.jpg,Eczema,31.54131507873535,FST III (Medium)
datasets\final\test\Eczema\train_stasis-dermatitis-11.jpg,Eczema,20.2248592376709,FST IV (Olive)
datasets\final\test\Eczema\train_stasis-dermatitis-121.jpg,Eczema,17.132997512817383,FST V-VI (Dark)
datasets\final\test\Eczema\train_stasis-dermatitis-131.jpg,Eczema,34.05326843261719,FST III (Medium)
datasets\final\test\Eczema\train_stasis-dermatitis-139.jpg,Eczema,20.376436233520508,FST IV (Olive)
datasets\final\test\Eczema\train_stasis-dermatitis-152.jpg,Eczema,32.4986457824707,FST III (Medium)
datasets\final\test\Eczema\train_stasis-dermatitis-159.jpg,Eczema,17.216073989868164,FST V-VI (Dark)
datasets\final\test\Eczema\train_stasis-dermatitis-160.jpg,Eczema,32.47119140625,FST III (Medium)
datasets\final\test\Eczema\train_stasis-dermatitis-171.jpg,Eczema,33.783077239990234,FST III (Medium)
datasets\final\test\Eczema\train_stasis-dermatitis-174.jpg,Eczema,24.0389347076416,FST IV (Olive)
datasets\final\test\Eczema\train_stasis-dermatitis-20.jpg,Eczema,23.629377365112305,FST IV (Olive)
datasets\final\test\Eczema\train_stasis-dermatitis-26.jpg,Eczema,21.801408767700195,FST IV (Olive)
datasets\final\test\Eczema\valid_05Atopic010224.jpeg,Eczema,35.618492126464844,FST III (Medium)
datasets\final\test\Eczema\valid_05atopic022805.jpeg,Eczema,18.935335159301758,FST V-VI (Dark)
datasets\final\test\Eczema\valid_05atopic0228051.jpeg,Eczema,22.232736587524414,FST IV (Olive)
datasets\final\test\Eczema\valid_05Atopic03290445.jpeg,Eczema,25.29554557800293,FST IV (Olive)
datasets\final\test\Eczema\valid_05atopic0411053.jpeg,Eczema,22.442752838134766,FST IV (Olive)
datasets\final\test\Eczema\valid_05Atopic042802.jpeg,Eczema,39.40066146850586,FST III (Medium)
datasets\final\test\Eczema\valid_05Atopic0504056.jpeg,Eczema,15.219465255737305,FST V-VI (Dark)
datasets\final\test\Eczema\valid_05Atopic0504058.jpeg,Eczema,9.255727767944336,FST V-VI (Dark)
datasets\final\test\Eczema\valid_05atopic0607041.jpeg,Eczema,32.5248908996582,FST III (Medium)
datasets\final\test\Eczema\valid_05Atopic0712048.jpeg,Eczema,42.293487548828125,FST I-II (Light)
datasets\final\test\Eczema\valid_05atopic1107052.jpeg,Eczema,24.293888092041016,FST IV (Olive)
datasets\final\test\Eczema\valid_05Atopic1206041.jpeg,Eczema,32.228755950927734,FST III (Medium)
datasets\final\test\Eczema\valid_05Atopic18.jpeg,Eczema,42.35745620727539,FST I-II (Light)
datasets\final\test\Eczema\valid_05Atopic2.jpeg,Eczema,37.81946563720703,FST III (Medium)
datasets\final\test\Eczema\valid_05atopicChild0828063.jpeg,Eczema,28.984560012817383,FST III (Medium)
datasets\final\test\Eczema\valid_05AtopicDerm1103.jpeg,Eczema,39.76441192626953,FST III (Medium)
datasets\final\test\Eczema\valid_05AtopicFaceBaby.jpeg,Eczema,33.690067291259766,FST III (Medium)
datasets\final\test\Eczema\valid_05atopicFoot080105.jpeg,Eczema,36.8074836730957,FST III (Medium)
datasets\final\test\Eczema\valid_05atopicInfection672-GP3.jpeg,Eczema,26.565052032470703,FST IV (Olive)
datasets\final\test\Eczema\valid_05atopicMouth012306.jpeg,Eczema,34.237464904785156,FST III (Medium)
datasets\final\test\NailFungus\test_alopecia-areata-12.jpg,NailFungus,45.21621322631836,FST I-II (Light)
datasets\final\test\NailFungus\test_alopecia-areata-56.jpg,NailFungus,24.880367279052734,FST IV (Olive)
datasets\final\test\NailFungus\test_beaus-lines-16.jpg,NailFungus,47.524635314941406,FST I-II (Light)
datasets\final\test\NailFungus\test_chronic-paronychia-35.jpg,NailFungus,43.593017578125,FST I-II (Light)
datasets\final\test\NailFungus\test_distal-subungual-onychomycosis-167.jpg,NailFungus,43.772422790527344,FST I-II (Light)
datasets\final\test\NailFungus\test_distal-subungual-onychomycosis-87.jpg,NailFungus,47.38594436645508,FST I-II (Light)
datasets\final\test\NailFungus\test_habit-tic-deformity-41.jpg,NailFungus,46.59114074707031,FST I-II (Light)
datasets\final\test\NailFungus\test_habit-tic-deformity-7.jpg,NailFungus,19.598812103271484,FST IV (Olive)
datasets\final\test\NailFungus\test_leukonychia-5.jpg,NailFungus,48.32060623168945,FST I-II (Light)
datasets\final\test\NailFungus\test_median-nail-dystrophy-12.jpg,NailFungus,30.00492286682129,FST III (Medium)
datasets\final\test\NailFungus\test_median-nail-dystrophy-16.jpg,NailFungus,30.018367767333984,FST III (Medium)
datasets\final\test\NailFungus\test_mucous-cyst-22.jpg,NailFungus,17.2814998626709,FST V-VI (Dark)
datasets\final\test\NailFungus\test_mucous-cyst-41.jpg,NailFungus,25.039785385131836,FST IV (Olive)
datasets\final\test\NailFungus\test_mucous-cyst-99.jpg,NailFungus,36.00285720825195,FST III (Medium)
datasets\final\test\NailFungus\test_onycholysis-48.jpg,NailFungus,41.45132064819336,FST I-II (Light)
datasets\final\test\NailFungus\test_periungual-warts-1.jpg,NailFungus,36.66255569458008,FST III (Medium)
datasets\final\test\NailFungus\test_pigmented-bands-9.jpg,NailFungus,-14.656750679016113,FST V-VI (Dark)
datasets\final\test\NailFungus\test_pincer-nails-4.jpg,NailFungus,31.51407241821289,FST III (Medium)
datasets\final\test\NailFungus\test_ridging-beading-20.jpg,NailFungus,33.690067291259766,FST III (Medium)
datasets\final\test\NailFungus\test_ridging-beading-24.jpg,NailFungus,47.045406341552734,FST I-II (Light)
datasets\final\test\NailFungus\test_ridging-beading-28.jpg,NailFungus,47.593505859375,FST I-II (Light)
datasets\final\test\NailFungus\test_white-superficial-onychomycosis-16.jpg,NailFungus,45.60735321044922,FST I-II (Light)
datasets\final\test\NailFungus\train_acute-paronychia-22.jpg,NailFungus,46.18526077270508,FST I-II (Light)
datasets\final\test\NailFungus\train_acute-paronychia-8.jpg,NailFungus,35.821922302246094,FST III (Medium)
datasets\final\test\NailFungus\train_alopecia-areata-100.jpg,NailFungus,5.984952449798584,FST V-VI (Dark)
datasets\final\test\NailFungus\train_alopecia-areata-41.jpg,NailFungus,25.240528106689453,FST IV (Olive)
datasets\final\test\NailFungus\train_alopecia-areata-44.jpg,NailFungus,35.67640686035156,FST III (Medium)
datasets\final\test\NailFungus\train_alopecia-areata-70.jpg,NailFungus,28.429048538208008,FST III (Medium)
datasets\final\test\NailFungus\train_alopecia-areata-9.jpg,NailFungus,42.197547912597656,FST I-II (Light)
datasets\final\test\NailFungus\train_biting-excoriation-3.jpg,NailFungus,30.65066909790039,FST III (Medium)
datasets\final\test\NailFungus\train_chronic-paronychia-10.jpg,NailFungus,24.993305206298828,FST IV (Olive)
datasets\final\test\NailFungus\train_chronic-paronychia-27.jpg,NailFungus,42.03176498413086,FST I-II (Light)
datasets\final\test\NailFungus\train_chronic-paronychia-32.jpg,NailFungus,50.563209533691406,FST I-II (Light)
datasets\final\test\NailFungus\train_chronic-paronychia-58.jpg,NailFungus,37.002525329589844,FST III (Medium)
datasets\final\test\NailFungus\train_chronic-paronychia-6.jpg,NailFungus,32.2756462097168,FST III (Medium)
datasets\final\test\NailFungus\train_clubbing-1.jpg,NailFungus,37.45058059692383,FST III (Medium)
datasets\final\test\NailFungus\train_clubbing-14.jpg,NailFungus,43.327606201171875,FST I-II (Light)
datasets\final\test\NailFungus\train_color-changes-1.jpg,NailFungus,46.026695251464844,FST I-II (Light)
datasets\final\test\NailFungus\train_distal-subungual-onychomycosis-100.jpg,NailFungus,49.000186920166016,FST I-II (Light)
datasets\final\test\NailFungus\train_distal-subungual-onychomycosis-108.jpg,NailFungus,45.0,FST I-II (Light)
datasets\final\test\NailFungus\train_distal-subungual-onychomycosis-110.jpg,NailFungus,44.79165267944336,FST I-II (Light)
datasets\final\test\NailFungus\train_distal-subungual-onychomycosis-116.jpg,NailFungus,41.2414436340332,FST I-II (Light)
datasets\final\test\NailFungus\train_distal-subungual-onychomycosis-120.jpg,NailFungus,48.410945892333984,FST I-II (Light)
datasets\final\test\NailFungus\train_distal-subungual-onychomycosis-124.jpg,NailFungus,46.19348907470703,FST I-II (Light)
datasets\final\test\NailFungus\train_distal-subungual-onychomycosis-134.jpg,NailFungus,47.48955535888672,FST I-II (Light)
datasets\final\test\NailFungus\train_distal-subungual-onychomycosis-24.jpg,NailFungus,35.57722091674805,FST III (Medium)
datasets\final\test\NailFungus\train_distal-subungual-onychomycosis-31.jpg,NailFungus,30.203237533569336,FST III (Medium)
datasets\final\test\NailFungus\train_distal-subungual-onychomycosis-32.jpg,NailFungus,28.156190872192383,FST III (Medium)
datasets\final\test\NailFungus\train_distal-subungual-onychomycosis-35.jpg,NailFungus,26.053495407104492,FST IV (Olive)
datasets\final\test\NailFungus\train_distal-subungual-onychomycosis-36.jpg,NailFungus,35.020076751708984,FST III (Medium)
datasets\final\test\NailFungus\train_distal-subungual-onychomycosis-94.jpg,NailFungus,48.8140754699707,FST I-II (Light)
datasets\final\test\NailFungus\train_eczema-nail-14.jpg,NailFungus,48.27598190307617,FST I-II (Light)
datasets\final\test\NailFungus\train_habit-tic-deformity-13.jpg,NailFungus,37.5284423828125,FST III (Medium)
datasets\final\test\NailFungus\train_habit-tic-deformity-16.jpg,NailFungus,32.55000305175781,FST III (Medium)
datasets\final\test\NailFungus\train_habit-tic-deformity-21.jpg,NailFungus,38.13847732543945,FST III (Medium)
datasets\final\test\NailFungus\train_habit-tic-deformity-4.jpg,NailFungus,31.152021408081055,FST III (Medium)
datasets\final\test\NailFungus\train_habit-tic-deformity-46.jpg,NailFungus,49.25065231323242,FST I-II (Light)
datasets\final\test\NailFungus\train_ingrown-nail-13.jpg,NailFungus,39.60224914550781,FST III (Medium)
datasets\final\test\NailFungus\train_koilonychia-14.jpg,NailFungus,41.6854133605957,FST I-II (Light)
datasets\final\test\NailFungus\train_koilonychia-8.jpg,NailFungus,41.43673324584961,FST I-II (Light)
datasets\final\test\NailFungus\train_leukonychia-1.jpg,NailFungus,42.80506896972656,FST I-II (Light)
datasets\final\test\NailFungus\train_lichen-planus-116.jpg,NailFungus,35.02228546142578,FST III (Medium)
datasets\final\test\NailFungus\train_lichen-planus-200.jpg,NailFungus,38.65980911254883,FST III (Medium)
datasets\final\test\NailFungus\train_lichen-planus-201.jpg,NailFungus,41.40874481201172,FST I-II (Light)
datasets\final\test\NailFungus\train_lichen-planus-202.jpg,NailFungus,34.734859466552734,FST III (Medium)
datasets\final\test\NailFungus\train_lichen-planus-82.jpg,NailFungus,39.569950103759766,FST III (Medium)
datasets\final\test\NailFungus\train_lichen-planus-85.jpg,NailFungus,29.261199951171875,FST III (Medium)
datasets\final\test\NailFungus\train_lichen-planus-97.jpg,NailFungus,26.565052032470703,FST IV (Olive)
datasets\final\test\NailFungus\train_median-nail-dystrophy-1.jpg,NailFungus,33.49518585205078,FST III (Medium)
datasets\final\test\NailFungus\train_median-nail-dystrophy-26.jpg,NailFungus,44.59075164794922,FST I-II (Light)
datasets\final\test\NailFungus\train_mucous-cyst-14.jpg,NailFungus,40.86240768432617,FST III (Medium)
datasets\final\test\NailFungus\train_mucous-cyst-15.jpg,NailFungus,21.388622283935547,FST IV (Olive)
datasets\final\test\NailFungus\train_mucous-cyst-17.jpg,NailFungus,38.81707000732422,FST III (Medium)
datasets\final\test\NailFungus\train_mucous-cyst-31.jpg,NailFungus,38.50065231323242,FST III (Medium)
datasets\final\test\NailFungus\train_mucous-cyst-42.jpg,NailFungus,36.25383758544922,FST III (Medium)
datasets\final\test\NailFungus\train_mucous-cyst-67.jpg,NailFungus,43.36342239379883,FST I-II (Light)
datasets\final\test\NailFungus\train_mucous-cyst-68.jpg,NailFungus,39.15543746948242,FST III (Medium)
datasets\final\test\NailFungus\train_mucous-cyst-83.jpg,NailFungus,40.236358642578125,FST III (Medium)
datasets\final\test\NailFungus\train_mucous-cyst-85.jpg,NailFungus,13.431029319763184,FST V-VI (Dark)
datasets\final\test\NailFungus\train_mucous-cyst-87.jpg,NailFungus,48.86546325683594,FST I-II (Light)
datasets\final\test\NailFungus\train_mucous-cyst-91.jpg,NailFungus,43.572998046875,FST I-II (Light)
datasets\final\test\NailFungus\train_mucous-cyst-94.jpg,NailFungus,40.21746826171875,FST III (Medium)
datasets\final\test\NailFungus\train_nail-melanoma-1.jpg,NailFungus,24.800193786621094,FST IV (Olive)
datasets\final\test\NailFungus\train_normal-variations-6.jpg,NailFungus,44.33121109008789,FST I-II (Light)
datasets\final\test\NailFungus\train_onychogryphosis-2.jpg,NailFungus,40.29214859008789,FST III (Medium)
datasets\final\test\NailFungus\train_onycholysis-10.jpg,NailFungus,20.510860443115234,FST IV (Olive)
datasets\final\test\NailFungus\train_onycholysis-16.jpg,NailFungus,28.34989356994629,FST III (Medium)
datasets\final\test\NailFungus\train_onycholysis-24.jpg,NailFungus,35.020076751708984,FST III (Medium)
datasets\final\test\NailFungus\train_onycholysis-30.jpg,NailFungus,29.124053955078125,FST III (Medium)
datasets\final\test\NailFungus\train_onycholysis-31.jpg,NailFungus,33.781158447265625,FST III (Medium)
datasets\final\test\NailFungus\train_onycholysis-37.jpg,NailFungus,42.75824737548828,FST I-II (Light)
datasets\final\test\NailFungus\train_periungual-fibroma-1.jpg,NailFungus,28.875444412231445,FST III (Medium)
datasets\final\test\NailFungus\train_periungual-warts-10.jpg,NailFungus,42.03176498413086,FST I-II (Light)
datasets\final\test\NailFungus\train_periungual-warts-6.jpg,NailFungus,47.744956970214844,FST I-II (Light)
datasets\final\test\NailFungus\train_pigmented-bands-11.jpg,NailFungus,48.012786865234375,FST I-II (Light)
datasets\final\test\NailFungus\train_pincer-nails-11.jpg,NailFungus,16.05422019958496,FST V-VI (Dark)
datasets\final\test\NailFungus\train_pseudomonas-14.jpg,NailFungus,20.603242874145508,FST IV (Olive)
datasets\final\test\NailFungus\train_pseudomonas-17.jpg,NailFungus,24.702430725097656,FST IV (Olive)
datasets\final\test\NailFungus\train_pseudomonas-25.jpg,NailFungus,38.65980911254883,FST III (Medium)
datasets\final\test\NailFungus\train_pseudomonas-26.jpg,NailFungus,46.77146911621094,FST I-II (Light)
datasets\final\test\NailFungus\train_pseudomonas-34.jpg,NailFungus,45.40348434448242,FST I-II (Light)
datasets\final\test\NailFungus\train_pseudomonas-40.jpg,NailFungus,28.6389217376709,FST III (Medium)
datasets\final\test\NailFungus\train_psoriasis-104.jpg,NailFungus,46.218875885009766,FST I-II (Light)
datasets\final\test\NailFungus\train_psoriasis-11.jpg,NailFungus,38.45370864868164,FST III (Medium)
datasets\final\test\NailFungus\train_psoriasis-115.jpg,NailFungus,42.878902435302734,FST I-II (Light)
datasets\final\test\NailFungus\train_psoriasis-119.jpg,NailFungus,43.165531158447266,FST I-II (Light)
datasets\final\test\NailFungus\train_psoriasis-120.jpg,NailFungus,45.59474563598633,FST I-II (Light)
datasets\final\test\NailFungus\train_psoriasis-135.jpg,NailFungus,43.327606201171875,FST I-II (Light)
datasets\final\test\NailFungus\train_psoriasis-137.jpg,NailFungus,44.36104202270508,FST I-II (Light)
datasets\final\test\NailFungus\train_psoriasis-149.jpg,NailFungus,37.4346809387207,FST III (Medium)
datasets\final\test\NailFungus\train_psoriasis-159.jpg,NailFungus,39.33271408081055,FST III (Medium)
datasets\final\test\NailFungus\train_psoriasis-167.jpg,NailFungus,43.29018783569336,FST I-II (Light)
datasets\final\test\NailFungus\train_psoriasis-170.jpg,NailFungus,44.11176681518555,FST I-II (Light)
datasets\final\test\NailFungus\train_psoriasis-35.jpg,NailFungus,23.043598175048828,FST IV (Olive)
datasets\final\test\NailFungus\train_psoriasis-36.jpg,NailFungus,29.835540771484375,FST III (Medium)
datasets\final\test\NailFungus\train_psoriasis-89.jpg,NailFungus,41.90037155151367,FST I-II (Light)
datasets\final\test\NailFungus\train_psoriasis-96.jpg,NailFungus,45.418209075927734,FST I-II (Light)
datasets\final\test\NailFungus\train_ridging-beading-1.jpg,NailFungus,26.916555404663086,FST IV (Olive)
datasets\final\test\NailFungus\train_ridging-beading-4.jpg,NailFungus,36.79985427856445,FST III (Medium)
datasets\final\test\NailFungus\train_subungual-hematoma-3.jpg,NailFungus,38.10257339477539,FST III (Medium)
datasets\final\test\NailFungus\train_terry-nails-4.jpg,NailFungus,33.59128189086914,FST III (Medium)
datasets\final\test\NailFungus\train_twenty-nail-dystrophy-11.jpg,NailFungus,20.018760681152344,FST IV (Olive)
datasets\final\test\NailFungus\train_white-superficial-onychomycosis-10.jpg,NailFungus,42.797401428222656,FST I-II (Light)
datasets\final\test\NailFungus\train_yellow-nails-11.jpg,NailFungus,36.61439895629883,FST III (Medium)
datasets\final\test\NailFungus\train_yellow-nails-16.jpg,NailFungus,44.59365463256836,FST I-II (Light)
datasets\final\test\NailFungus\train_yellow-nails-8.jpg,NailFungus,42.05355453491211,FST I-II (Light)
datasets\final\test\Normal\test_0_0_cengyongti_0042.jpeg,Normal,46.04925537109375,FST I-II (Light)
datasets\final\test\Normal\test_319_jpg.rf.a13b6f6c611e192a41fd122adfb196e7.jpeg,Normal,25.758121490478516,FST IV (Olive)
datasets\final\test\Normal\test_41jdLQwMw8L._AC_UF452452_FMjpg_.jpeg,Normal,38.774169921875,FST III (Medium)
datasets\final\test\Normal\test_41klgn0zSmS._AC_UF226226_FMjpg_.jpeg,Normal,24.91802215576172,FST IV (Olive)
datasets\final\test\Normal\test_51DuvgA2MvL._AC_UF226226_FMjpg_.jpeg,Normal,54.34002685546875,FST I-II (Light)
datasets\final\test\Normal\test_51l0dg4m9AL._AC_UF452452_FMjpg_.jpeg,Normal,46.3118896484375,FST I-II (Light)
datasets\final\test\Normal\test_6 (100).jpeg,Normal,35.98067855834961,FST III (Medium)
datasets\final\test\Normal\test_61fPH47Hd0L._AC_UL480_QL65_.jpeg,Normal,4.118189811706543,FST V-VI (Dark)
datasets\final\test\Normal\test_71JfqFSkZfL.AC_SX500.jpeg,Normal,56.520320892333984,FST I-II (Light)
datasets\final\test\Normal\test_bodymap_shoulder_1640.jpeg,Normal,37.051597595214844,FST III (Medium)
datasets\final\test\Normal\test_chiruposter13082022.jpeg,Normal,47.15296173095703,FST I-II (Light)
datasets\final\test\Normal\test_david-dibert-510.jpeg,Normal,27.18111228942871,FST IV (Olive)
datasets\final\test\Normal\test_download (26).jpeg,Normal,-21.33685874938965,FST V-VI (Dark)
datasets\final\test\Normal\test_download (39).jpeg,Normal,45.881404876708984,FST I-II (Light)
datasets\final\test\Normal\test_Hand_0000202.jpeg,Normal,58.019744873046875,FST I-II (Light)
datasets\final\test\Normal\test_Hand_0000594.jpeg,Normal,54.2544059753418,FST I-II (Light)
datasets\final\test\Normal\test_hurikan-440-right-side-view2.jpeg,Normal,21.96056365966797,FST IV (Olive)
datasets\final\test\Normal\test_husqvarna-svartpilen-401.jpeg,Normal,47.56377029418945,FST I-II (Light)
datasets\final\test\Normal\test_photo-1509628061459-1328d06c2ced.jpeg,Normal,43.688114166259766,FST I-II (Light)
datasets\final\test\Normal\test_photo-1519817914152-22d216bb9170.jpeg,Normal,22.10944938659668,FST IV (Olive)
datasets\final\test\Normal\test_photo-1564349683136-77e08dba1ef7.jpeg,Normal,25.01689338684082,FST IV (Olive)
datasets\final\test\Normal\test_photo-1581655353564-df123a1eb820.jpeg,Normal,24.91802215576172,FST IV (Olive)
datasets\final\test\Normal\test_photo-1586617356423-52763004deac.jpeg,Normal,7.516441345214844,FST V-VI (Dark)
datasets\final\test\Normal\test_premium_photo-1669725687138-f570eda7393c.jpeg,Normal,40.53614807128906,FST III (Medium)
datasets\final\test\Normal\test_premium_photo-1673455210352-ceb2a0214bc4.jpeg,Normal,15.572545051574707,FST V-VI (Dark)
datasets\final\test\Normal\train_Image1013.jpeg,Normal,-5.155584335327148,FST V-VI (Dark)
datasets\final\test\Normal\train_Image1015.jpeg,Normal,32.86867904663086,FST III (Medium)
datasets\final\test\Normal\train_Image1016.jpeg,Normal,47.43195343017578,FST I-II (Light)
datasets\final\test\Normal\train_Image1039.jpeg,Normal,40.1884651184082,FST III (Medium)
datasets\final\test\Normal\train_Image1054.jpeg,Normal,-8.315126419067383,FST V-VI (Dark)
datasets\final\test\Normal\train_Image1057.jpeg,Normal,56.241477966308594,FST I-II (Light)
datasets\final\test\Normal\train_Image1060.jpeg,Normal,54.12690734863281,FST I-II (Light)
datasets\final\test\Normal\train_Image1065.jpeg,Normal,51.65109634399414,FST I-II (Light)
datasets\final\test\Normal\train_Image1074.jpeg,Normal,41.88493728637695,FST I-II (Light)
datasets\final\test\Normal\train_Image1077.jpeg,Normal,27.418027877807617,FST IV (Olive)
datasets\final\test\Normal\train_Image1110.jpeg,Normal,41.13926696777344,FST I-II (Light)
datasets\final\test\Normal\train_Image1111.jpeg,Normal,18.914400100708008,FST V-VI (Dark)
datasets\final\test\Normal\train_Image1113.jpeg,Normal,36.469234466552734,FST III (Medium)
datasets\final\test\Normal\train_Image1125.jpeg,Normal,49.67926025390625,FST I-II (Light)
datasets\final\test\Normal\train_Image1128.jpeg,Normal,29.941944122314453,FST III (Medium)
datasets\final\test\Normal\train_Image1144.jpeg,Normal,17.043933868408203,FST V-VI (Dark)
datasets\final\test\Normal\train_Image1192.jpeg,Normal,51.41460037231445,FST I-II (Light)
datasets\final\test\Normal\train_Image1195.jpeg,Normal,43.31531524658203,FST I-II (Light)
datasets\final\test\Normal\train_Image1210.jpeg,Normal,39.674259185791016,FST III (Medium)
datasets\final\test\Normal\train_Image1218.jpeg,Normal,30.819917678833008,FST III (Medium)
datasets\final\test\Normal\train_Image1263.jpeg,Normal,14.881528854370117,FST V-VI (Dark)
datasets\final\test\Normal\train_Image1280.jpeg,Normal,42.11703872680664,FST I-II (Light)
datasets\final\test\Normal\train_Image1285.jpeg,Normal,4.39870548248291,FST V-VI (Dark)
datasets\final\test\Normal\train_Image1288.jpeg,Normal,50.235591888427734,FST I-II (Light)
datasets\final\test\Normal\train_Image1305.jpeg,Normal,35.07375717163086,FST III (Medium)
datasets\final\test\Normal\train_Image1336.jpeg,Normal,47.15296173095703,FST I-II (Light)
datasets\final\test\Normal\train_Image1344.jpeg,Normal,30.846586227416992,FST III (Medium)
datasets\final\test\Normal\train_Image1345.jpeg,Normal,55.304847717285156,FST I-II (Light)
datasets\final\test\Normal\train_Image1363.jpeg,Normal,18.698984146118164,FST V-VI (Dark)
datasets\final\test\Normal\train_Image1365.jpeg,Normal,33.03794860839844,FST III (Medium)
datasets\final\test\Normal\train_Image1366.jpeg,Normal,-1.2453643083572388,FST V-VI (Dark)
datasets\final\test\Normal\train_Image1374.jpeg,Normal,38.769676208496094,FST III (Medium)
datasets\final\test\Normal\train_Image1395.jpeg,Normal,22.932100296020508,FST IV (Olive)
datasets\final\test\Normal\train_Image1404.jpeg,Normal,47.90190887451172,FST I-II (Light)
datasets\final\test\Normal\train_Image1417.jpeg,Normal,49.55741882324219,FST I-II (Light)
datasets\final\test\Normal\train_Image1421.jpeg,Normal,-9.678260803222656,FST V-VI (Dark)
datasets\final\test\Normal\train_Image1433.jpeg,Normal,19.52501106262207,FST IV (Olive)
datasets\final\test\Normal\train_Image1442.jpeg,Normal,41.912349700927734,FST I-II (Light)
datasets\final\test\Normal\train_Image1448.jpeg,Normal,11.23928451538086,FST V-VI (Dark)
datasets\final\test\Normal\train_Image1456.jpeg,Normal,17.959474563598633,FST V-VI (Dark)
datasets\final\test\Normal\train_Image1463.jpeg,Normal,10.645663261413574,FST V-VI (Dark)
datasets\final\test\Normal\train_Image1468.jpeg,Normal,57.25022506713867,FST I-II (Light)
datasets\final\test\Normal\train_Image1471.jpeg,Normal,52.197208404541016,FST I-II (Light)
datasets\final\test\Normal\train_Image1476.jpeg,Normal,29.271045684814453,FST III (Medium)
datasets\final\test\Normal\train_Image1496.jpeg,Normal,43.894039154052734,FST I-II (Light)
datasets\final\test\Normal\train_Image1504.jpeg,Normal,55.53092575073242,FST I-II (Light)
datasets\final\test\Normal\train_Image1519.jpeg,Normal,10.597334861755371,FST V-VI (Dark)
datasets\final\test\Normal\train_Image1525.jpeg,Normal,48.511940002441406,FST I-II (Light)
datasets\final\test\Normal\train_Image1538.jpeg,Normal,20.510860443115234,FST IV (Olive)
datasets\final\test\Normal\train_Image1559.jpeg,Normal,14.676393508911133,FST V-VI (Dark)
datasets\final\test\Normal\train_Image1560.jpeg,Normal,41.46770477294922,FST I-II (Light)
datasets\final\test\Normal\train_Image1570.jpeg,Normal,7.516441345214844,FST V-VI (Dark)
datasets\final\test\Normal\train_Image1572.jpeg,Normal,43.61408233642578,FST I-II (Light)
datasets\final\test\Normal\train_Image1573.jpeg,Normal,52.594642639160156,FST I-II (Light)
datasets\final\test\Normal\train_Image1583.jpeg,Normal,52.859840393066406,FST I-II (Light)
datasets\final\test\Normal\train_Image1587.jpeg,Normal,49.9532585144043,FST I-II (Light)
datasets\final\test\Normal\train_Image1592.jpeg,Normal,29.299009323120117,FST III (Medium)
datasets\final\test\Normal\train_Image1619.jpeg,Normal,-15.945396423339844,FST V-VI (Dark)
datasets\final\test\Normal\train_Image1623.jpeg,Normal,30.727487564086914,FST III (Medium)
datasets\final\test\Normal\train_Image1626.jpeg,Normal,4.864514350891113,FST V-VI (Dark)
datasets\final\test\Normal\train_Image1628.jpeg,Normal,24.171443939208984,FST IV (Olive)
datasets\final\test\Normal\train_Image1633.jpeg,Normal,20.85445785522461,FST IV (Olive)
datasets\final\test\Normal\train_Image1644.jpeg,Normal,34.54375076293945,FST III (Medium)
datasets\final\test\Normal\train_Image1645.jpeg,Normal,44.16968536376953,FST I-II (Light)
datasets\final\test\Normal\train_Image1665.jpeg,Normal,34.07719802856445,FST III (Medium)
datasets\final\test\Normal\train_Image1686.jpeg,Normal,7.214262008666992,FST V-VI (Dark)
datasets\final\test\Normal\train_Image1699.jpeg,Normal,26.737110137939453,FST IV (Olive)
datasets\final\test\Normal\train_Image1712.jpeg,Normal,5.937416076660156,FST V-VI (Dark)
datasets\final\test\Normal\train_Image1722.jpeg,Normal,41.273353576660156,FST I-II (Light)
datasets\final\test\Normal\train_Image1724.jpeg,Normal,-15.292988777160645,FST V-VI (Dark)
datasets\final\test\Normal\train_Image1750.jpeg,Normal,14.142346382141113,FST V-VI (Dark)
datasets\final\test\Normal\train_Image196.jpeg,Normal,20.05023765563965,FST IV (Olive)
datasets\final\test\Normal\train_Image202.jpeg,Normal,24.623565673828125,FST IV (Olive)
datasets\final\test\Normal\train_Image206.jpeg,Normal,27.5972957611084,FST IV (Olive)
datasets\final\test\Normal\train_Image207.jpeg,Normal,24.08319664001465,FST IV (Olive)
datasets\final\test\Normal\train_Image211.jpeg,Normal,32.446632385253906,FST III (Medium)
datasets\final\test\Normal\train_Image230.jpeg,Normal,16.97970962524414,FST V-VI (Dark)
datasets\final\test\Normal\train_Image249.jpeg,Normal,29.61793327331543,FST III (Medium)
datasets\final\test\Normal\train_Image250.jpeg,Normal,27.63160514831543,FST IV (Olive)
datasets\final\test\Normal\train_Image251.jpeg,Normal,33.41372299194336,FST III (Medium)
datasets\final\test\Normal\train_Image26.jpeg,Normal,28.957218170166016,FST III (Medium)
datasets\final\test\Normal\train_Image262.jpeg,Normal,43.39773941040039,FST I-II (Light)
datasets\final\test\Normal\train_Image263.jpeg,Normal,53.34389114379883,FST I-II (Light)
datasets\final\test\Normal\train_Image27.jpeg,Normal,43.8766975402832,FST I-II (Light)
datasets\final\test\Normal\train_Image274.jpeg,Normal,41.43846893310547,FST I-II (Light)
datasets\final\test\Normal\train_Image288.jpeg,Normal,44.58482360839844,FST I-II (Light)
datasets\final\test\Normal\train_Image30.jpeg,Normal,38.51188659667969,FST III (Medium)
datasets\final\test\Normal\train_Image339.jpeg,Normal,55.049346923828125,FST I-II (Light)
datasets\final\test\Normal\train_Image341.jpeg,Normal,9.688786506652832,FST V-VI (Dark)
datasets\final\test\Normal\train_Image347.jpeg,Normal,43.84032440185547,FST I-II (Light)
datasets\final\test\Normal\train_Image366.jpeg,Normal,41.48625183105469,FST I-II (Light)
datasets\final\test\Normal\train_Image371.jpeg,Normal,31.26373291015625,FST III (Medium)
datasets\final\test\Normal\train_Image380.jpeg,Normal,53.022403717041016,FST I-II (Light)
datasets\final\test\Normal\train_Image386.jpeg,Normal,13.924773216247559,FST V-VI (Dark)
datasets\final\test\Normal\train_Image40.jpeg,Normal,45.0,FST I-II (Light)
datasets\final\test\Normal\train_Image401.jpeg,Normal,33.78508758544922,FST III (Medium)
datasets\final\test\Normal\train_Image402.jpeg,Normal,47.48955535888672,FST I-II (Light)
datasets\final\test\Normal\train_Image404.jpeg,Normal,51.686912536621094,FST I-II (Light)
datasets\final\test\Normal\train_Image425.jpeg,Normal,21.200218200683594,FST IV (Olive)
datasets\final\test\Normal\train_Image427.jpeg,Normal,7.450249195098877,FST V-VI (Dark)
datasets\final\test\Normal\train_Image434.jpeg,Normal,41.61013412475586,FST I-II (Light)
datasets\final\test\Normal\train_Image439.jpeg,Normal,51.916839599609375,FST I-II (Light)
datasets\final\test\Normal\train_Image469.jpeg,Normal,55.89223098754883,FST I-II (Light)
datasets\final\test\Normal\train_Image471.jpeg,Normal,50.194427490234375,FST I-II (Light)
datasets\final\test\Normal\train_Image480.jpeg,Normal,38.24091720581055,FST III (Medium)
datasets\final\test\Normal\train_Image484.jpeg,Normal,18.68735122680664,FST V-VI (Dark)
datasets\final\test\Normal\train_Image488.jpeg,Normal,32.04723358154297,FST III (Medium)
datasets\final\test\Normal\train_Image490.jpeg,Normal,32.35784912109375,FST III (Medium)
datasets\final\test\Normal\train_Image499.jpeg,Normal,43.95074462890625,FST I-II (Light)
datasets\final\test\Normal\train_Image505.jpeg,Normal,25.124958038330078,FST IV (Olive)
datasets\final\test\Normal\train_Image572.jpeg,Normal,55.00798034667969,FST I-II (Light)
datasets\final\test\Normal\train_Image592.jpeg,Normal,41.987213134765625,FST I-II (Light)
datasets\final\test\Normal\train_Image608.jpeg,Normal,40.53284454345703,FST III (Medium)
datasets\final\test\Normal\train_Image620.jpeg,Normal,35.354156494140625,FST III (Medium)
datasets\final\test\Normal\train_Image658.jpeg,Normal,33.28996276855469,FST III (Medium)
datasets\final\test\Normal\train_Image662.jpeg,Normal,53.34389114379883,FST I-II (Light)
datasets\final\test\Normal\train_Image677.jpeg,Normal,44.581790924072266,FST I-II (Light)
datasets\final\test\Normal\train_Image692.jpeg,Normal,55.89223098754883,FST I-II (Light)
datasets\final\test\Normal\train_Image699.jpeg,Normal,24.0389347076416,FST IV (Olive)
datasets\final\test\Normal\train_Image705.jpeg,Normal,5.355824947357178,FST V-VI (Dark)
datasets\final\test\Normal\train_Image706.jpeg,Normal,55.53092575073242,FST I-II (Light)
datasets\final\test\Normal\train_Image707.jpeg,Normal,37.042476654052734,FST III (Medium)
datasets\final\test\Normal\train_Image735.jpeg,Normal,46.52462387084961,FST I-II (Light)
datasets\final\test\Normal\train_Image751.jpeg,Normal,52.1934700012207,FST I-II (Light)
datasets\final\test\Normal\train_Image775.jpeg,Normal,50.74866485595703,FST I-II (Light)
datasets\final\test\Normal\train_Image790.jpeg,Normal,57.308021545410156,FST I-II (Light)
datasets\final\test\Normal\train_Image796.jpeg,Normal,57.177982330322266,FST I-II (Light)
datasets\final\test\Normal\train_Image799.jpeg,Normal,53.18135452270508,FST I-II (Light)
datasets\final\test\Normal\train_Image807.jpeg,Normal,53.078346252441406,FST I-II (Light)
datasets\final\test\Normal\train_Image814.jpeg,Normal,57.893741607666016,FST I-II (Light)
datasets\final\test\Normal\train_Image829.jpeg,Normal,54.987422943115234,FST I-II (Light)
datasets\final\test\Normal\train_Image859.jpeg,Normal,56.57924270629883,FST I-II (Light)
datasets\final\test\Normal\train_Image860.jpeg,Normal,56.37710189819336,FST I-II (Light)
datasets\final\test\Normal\train_Image867.jpeg,Normal,45.38976287841797,FST I-II (Light)
datasets\final\test\Normal\train_Image868.jpeg,Normal,58.019744873046875,FST I-II (Light)
datasets\final\test\Normal\train_Image870.jpeg,Normal,47.4730339050293,FST I-II (Light)
datasets\final\test\Normal\train_Image874.jpeg,Normal,46.647029876708984,FST I-II (Light)
datasets\final\test\Normal\train_Image875.jpeg,Normal,46.67919921875,FST I-II (Light)
datasets\final\test\Normal\train_Image883.jpeg,Normal,53.38139724731445,FST I-II (Light)
datasets\final\test\Normal\train_Image887.jpeg,Normal,58.019744873046875,FST I-II (Light)
datasets\final\test\Normal\train_Image893.jpeg,Normal,51.828147888183594,FST I-II (Light)
datasets\final\test\Normal\train_Image898.jpeg,Normal,58.019744873046875,FST I-II (Light)
datasets\final\test\Normal\train_Image915.jpeg,Normal,56.70643615722656,FST I-II (Light)
datasets\final\test\Normal\train_Image924.jpeg,Normal,53.130104064941406,FST I-II (Light)
datasets\final\test\Normal\train_Image925.jpeg,Normal,52.46270751953125,FST I-II (Light)
datasets\final\test\Normal\train_Image931.jpeg,Normal,58.019744873046875,FST I-II (Light)
datasets\final\test\Normal\train_Image964.jpeg,Normal,58.019744873046875,FST I-II (Light)
datasets\final\test\Normal\train_Image989.jpeg,Normal,43.08375549316406,FST I-II (Light)
datasets\final\test\Normal\train_Image998.jpeg,Normal,34.17254638671875,FST III (Medium)
datasets\final\test\Normal\valid_Image102.jpeg,Normal,13.861027717590332,FST V-VI (Dark)
datasets\final\test\Normal\valid_Image108.jpeg,Normal,29.538782119750977,FST III (Medium)
datasets\final\test\Normal\valid_Image130.jpeg,Normal,37.002525329589844,FST III (Medium)
datasets\final\test\Normal\valid_Image148.jpeg,Normal,20.96268081665039,FST IV (Olive)
datasets\final\test\Normal\valid_Image162.jpeg,Normal,27.997146606445312,FST IV (Olive)
datasets\final\test\Normal\valid_Image174.jpeg,Normal,37.356624603271484,FST III (Medium)
datasets\final\test\Normal\valid_Image175.jpeg,Normal,33.98952102661133,FST III (Medium)
datasets\final\test\Normal\valid_Image60.jpeg,Normal,43.13905715942383,FST I-II (Light)
datasets\final\test\Normal\valid_Image65.jpeg,Normal,52.54942321777344,FST I-II (Light)
datasets\final\test\Normal\valid_Image95.jpeg,Normal,42.04922103881836,FST I-II (Light)
datasets\final\test\Psoriasis\test_Lichen-Sclerosus-Penis-35.jpg,Psoriasis,27.29027557373047,FST IV (Olive)
datasets\final\test\Psoriasis\test_Lichen-Sclerosus-Penis-5.jpg,Psoriasis,25.4975528717041,FST IV (Olive)
datasets\final\test\Psoriasis\test_Lichen-Sclerosus-Skin-75.jpg,Psoriasis,45.0,FST I-II (Light)
datasets\final\test\Psoriasis\test_pityriasis-rosea-159.jpg,Psoriasis,25.790830612182617,FST IV (Olive)
datasets\final\test\Psoriasis\test_pityriasis-rosea-187.jpg,Psoriasis,33.03794860839844,FST III (Medium)
datasets\final\test\Psoriasis\test_pityriasis-rosea-189.jpg,Psoriasis,38.51692581176758,FST III (Medium)
datasets\final\test\Psoriasis\test_pityriasis-rosea-22.jpg,Psoriasis,31.77419662475586,FST III (Medium)
datasets\final\test\Psoriasis\test_pityriasis-rosea-87.jpg,Psoriasis,35.260555267333984,FST III (Medium)
datasets\final\test\Psoriasis\test_pityriasis-rosea-94.jpg,Psoriasis,41.4964714050293,FST I-II (Light)
datasets\final\test\Psoriasis\test_pityriasis-rubra-pilaris-15.jpg,Psoriasis,26.869813919067383,FST IV (Olive)
datasets\final\test\Psoriasis\test_pityriasis-rubra-pilaris-8.jpg,Psoriasis,33.24332809448242,FST III (Medium)
datasets\final\test\Psoriasis\test_Psoriasis-Chronic-Plaque-183.jpeg,Psoriasis,41.7357177734375,FST I-II (Light)
datasets\final\test\Psoriasis\test_Psoriasis-Histology-11.jpg,Psoriasis,50.55603790283203,FST I-II (Light)
datasets\final\test\Psoriasis\test_Psoriasis-Histology-2.jpg,Psoriasis,52.4314079284668,FST I-II (Light)
datasets\final\test\Psoriasis\test_Psoriasis-Histology-9.jpg,Psoriasis,48.621482849121094,FST I-II (Light)
datasets\final\test\Psoriasis\test_reiter-syndrome-2.jpg,Psoriasis,33.33364486694336,FST III (Medium)
datasets\final\test\Psoriasis\train_08biteLine110105.jpg,Psoriasis,30.672327041625977,FST III (Medium)
datasets\final\test\Psoriasis\train_08PsoriasisOnycholysis.jpg,Psoriasis,28.40189552307129,FST III (Medium)
datasets\final\test\Psoriasis\train_08SebDermBrow.jpg,Psoriasis,35.049373626708984,FST III (Medium)
datasets\final\test\Psoriasis\train_08sebDermEar031306.jpg,Psoriasis,22.61986541748047,FST IV (Olive)
datasets\final\test\Psoriasis\train_08SebDermNLFold.jpg,Psoriasis,18.560321807861328,FST V-VI (Dark)
datasets\final\test\Psoriasis\train_08SebDermPresternal063002.jpg,Psoriasis,40.29214859008789,FST III (Medium)
datasets\final\test\Psoriasis\train_8Psoriasis2-219.jpg,Psoriasis,24.89376449584961,FST IV (Olive)
datasets\final\test\Psoriasis\train_Axillary-Granular-Parakeratosis-2.jpg,Psoriasis,37.342288970947266,FST III (Medium)
datasets\final\test\Psoriasis\train_Lichen-Nitidus-14.jpg,Psoriasis,49.273948669433594,FST I-II (Light)
datasets\final\test\Psoriasis\train_Lichen-Nitidus-20.jpg,Psoriasis,22.42586326599121,FST IV (Olive)
datasets\final\test\Psoriasis\train_lichen-planus-1.jpg,Psoriasis,31.464143753051758,FST III (Medium)
datasets\final\test\Psoriasis\train_lichen-planus-20.jpg,Psoriasis,33.59750747680664,FST III (Medium)
datasets\final\test\Psoriasis\train_Lichen-Planus-Drug-3.jpg,Psoriasis,30.18058204650879,FST III (Medium)
datasets\final\test\Psoriasis\train_Lichen-Planus-Drug-6.jpg,Psoriasis,40.601295471191406,FST III (Medium)
datasets\final\test\Psoriasis\train_Lichen-Planus-Drug-8.jpg,Psoriasis,24.443954467773438,FST IV (Olive)
datasets\final\test\Psoriasis\train_Lichen-Planus-Hypertrophic-13.jpg,Psoriasis,32.207698822021484,FST III (Medium)
datasets\final\test\Psoriasis\train_Lichen-Planus-Hypertrophic-9.jpg,Psoriasis,32.58255386352539,FST III (Medium)
datasets\final\test\Psoriasis\train_Lichen-Planus-Oral-15.jpg,Psoriasis,32.0053825378418,FST III (Medium)
datasets\final\test\Psoriasis\train_Lichen-Planus-Oral-2.jpg,Psoriasis,34.56252670288086,FST III (Medium)
datasets\final\test\Psoriasis\train_Lichen-Planus-Oral-38.jpg,Psoriasis,27.3366641998291,FST IV (Olive)
datasets\final\test\Psoriasis\train_Lichen-Planus-Palm-Soles-5.jpg,Psoriasis,27.018569946289062,FST IV (Olive)
datasets\final\test\Psoriasis\train_Lichen-Planus-Palm-Soles-9.jpg,Psoriasis,34.74318313598633,FST III (Medium)
datasets\final\test\Psoriasis\train_Lichen-Planus-Penis-8.jpg,Psoriasis,31.972566604614258,FST III (Medium)
datasets\final\test\Psoriasis\train_lichen-planus-vaginal-12.jpg,Psoriasis,31.934778213500977,FST III (Medium)
datasets\final\test\Psoriasis\train_Lichen-Sclerosis-Vulva-21.jpg,Psoriasis,32.09671401977539,FST III (Medium)
datasets\final\test\Psoriasis\train_Lichen-Sclerosis-Vulva-29.jpg,Psoriasis,29.538782119750977,FST III (Medium)
datasets\final\test\Psoriasis\train_Lichen-Sclerosis-Vulva-38.jpg,Psoriasis,30.141386032104492,FST III (Medium)
datasets\final\test\Psoriasis\train_Lichen-Sclerosus-Penis-20.jpg,Psoriasis,29.835540771484375,FST III (Medium)
datasets\final\test\Psoriasis\train_Lichen-Sclerosus-Penis-37.jpg,Psoriasis,29.024932861328125,FST III (Medium)
datasets\final\test\Psoriasis\train_Lichen-Sclerosus-Skin-10.jpg,Psoriasis,36.74411392211914,FST III (Medium)
datasets\final\test\Psoriasis\train_Lichen-Sclerosus-Skin-11.jpg,Psoriasis,34.22636032104492,FST III (Medium)
datasets\final\test\Psoriasis\train_Lichen-Sclerosus-Skin-49.jpg,Psoriasis,35.04539489746094,FST III (Medium)
datasets\final\test\Psoriasis\train_Lichen-Sclerosus-Skin-50.jpg,Psoriasis,32.82854461669922,FST III (Medium)
datasets\final\test\Psoriasis\train_Lichen-Sclerosus-Skin-57.jpg,Psoriasis,52.22431564331055,FST I-II (Light)
datasets\final\test\Psoriasis\train_Lichen-Sclerosus-Skin-63.jpg,Psoriasis,47.57073974609375,FST I-II (Light)
datasets\final\test\Psoriasis\train_Lichen-Sclerosus-Skin-80.jpg,Psoriasis,41.4012336730957,FST I-II (Light)
datasets\final\test\Psoriasis\train_Palmoplantar-Keratoderma-5.jpg,Psoriasis,27.439727783203125,FST IV (Olive)
datasets\final\test\Psoriasis\train_Pityriasis-Lichenoides-22.jpg,Psoriasis,35.80775833129883,FST III (Medium)
datasets\final\test\Psoriasis\train_Pityriasis-Lichenoides-27.jpg,Psoriasis,43.867820739746094,FST I-II (Light)
datasets\final\test\Psoriasis\train_Pityriasis-Lichenoides-33.jpg,Psoriasis,45.0,FST I-II (Light)
datasets\final\test\Psoriasis\train_Pityriasis-Lichenoides-37.jpg,Psoriasis,46.78990936279297,FST I-II (Light)
datasets\final\test\Psoriasis\train_Pityriasis-Lichenoides-4.jpg,Psoriasis,37.95928192138672,FST III (Medium)
datasets\final\test\Psoriasis\train_Pityriasis-Lichenoides-7.jpg,Psoriasis,27.790443420410156,FST IV (Olive)
datasets\final\test\Psoriasis\train_pityriasis-rosea-117.jpg,Psoriasis,43.498207092285156,FST I-II (Light)
datasets\final\test\Psoriasis\train_pityriasis-rosea-14.jpg,Psoriasis,32.39442443847656,FST III (Medium)
datasets\final\test\Psoriasis\train_pityriasis-rosea-15.jpg,Psoriasis,40.971736907958984,FST III (Medium)
datasets\final\test\Psoriasis\train_pityriasis-rosea-18.jpg,Psoriasis,39.109375,FST III (Medium)
datasets\final\test\Psoriasis\train_pityriasis-rosea-186.jpg,Psoriasis,45.830318450927734,FST I-II (Light)
datasets\final\test\Psoriasis\train_pityriasis-rosea-194.jpg,Psoriasis,33.595523834228516,FST III (Medium)
datasets\final\test\Psoriasis\train_pityriasis-rosea-23.jpg,Psoriasis,30.390182495117188,FST III (Medium)
datasets\final\test\Psoriasis\train_pityriasis-rosea-97.jpg,Psoriasis,51.15916061401367,FST I-II (Light)
datasets\final\test\Psoriasis\train_pityriasis-rubra-pilaris-12.jpg,Psoriasis,29.013708114624023,FST III (Medium)
datasets\final\test\Psoriasis\train_pityriasis-rubra-pilaris-27.jpg,Psoriasis,48.19023513793945,FST I-II (Light)
datasets\final\test\Psoriasis\train_pityriasis-rubra-pilaris-42.jpg,Psoriasis,34.942691802978516,FST III (Medium)
datasets\final\test\Psoriasis\train_Psoriasis-Anus-10.jpg,Psoriasis,30.448625564575195,FST III (Medium)
datasets\final\test\Psoriasis\train_Psoriasis-Anus-12.jpg,Psoriasis,30.537548065185547,FST III (Medium)
datasets\final\test\Psoriasis\train_Psoriasis-Anus-9.jpg,Psoriasis,39.062583923339844,FST III (Medium)
datasets\final\test\Psoriasis\train_Psoriasis-Chronic-Plaque-114.jpeg,Psoriasis,40.11299133300781,FST III (Medium)
datasets\final\test\Psoriasis\train_Psoriasis-Chronic-Plaque-117.jpeg,Psoriasis,37.846435546875,FST III (Medium)
datasets\final\test\Psoriasis\train_Psoriasis-Chronic-Plaque-159.jpeg,Psoriasis,30.131717681884766,FST III (Medium)
datasets\final\test\Psoriasis\train_Psoriasis-Chronic-Plaque-166.jpeg,Psoriasis,47.164791107177734,FST I-II (Light)
datasets\final\test\Psoriasis\train_Psoriasis-Chronic-Plaque-169.jpeg,Psoriasis,24.638397216796875,FST IV (Olive)
datasets\final\test\Psoriasis\train_Psoriasis-Chronic-Plaque-17.jpeg,Psoriasis,22.89055061340332,FST IV (Olive)
datasets\final\test\Psoriasis\train_Psoriasis-Chronic-Plaque-171.jpeg,Psoriasis,42.954593658447266,FST I-II (Light)
datasets\final\test\Psoriasis\train_Psoriasis-Chronic-Plaque-173.jpeg,Psoriasis,47.94644546508789,FST I-II (Light)
datasets\final\test\Psoriasis\train_Psoriasis-Chronic-Plaque-90.jpeg,Psoriasis,32.774879455566406,FST III (Medium)
datasets\final\test\Psoriasis\train_psoriasis-erythrodermic-13.jpeg,Psoriasis,32.735225677490234,FST III (Medium)
datasets\final\test\Psoriasis\train_psoriasis-erythrodermic-14.jpeg,Psoriasis,44.104827880859375,FST I-II (Light)
datasets\final\test\Psoriasis\train_psoriasis-erythrodermic-29.jpeg,Psoriasis,24.08319664001465,FST IV (Olive)
datasets\final\test\Psoriasis\train_psoriasis-erythrodermic-34.jpeg,Psoriasis,12.711132049560547,FST V-VI (Dark)
datasets\final\test\Psoriasis\train_psoriasis-erythrodermic-4.jpeg,Psoriasis,31.90294647216797,FST III (Medium)
datasets\final\test\Psoriasis\train_Psoriasis-Guttate-1.jpeg,Psoriasis,44.02897644042969,FST I-II (Light)
datasets\final\test\Psoriasis\train_Psoriasis-Guttate-103.jpeg,Psoriasis,47.91700744628906,FST I-II (Light)
datasets\final\test\Psoriasis\train_Psoriasis-Guttate-104.jpeg,Psoriasis,38.56195068359375,FST III (Medium)
datasets\final\test\Psoriasis\train_Psoriasis-Guttate-108.jpeg,Psoriasis,42.3511962890625,FST I-II (Light)
datasets\final\test\Psoriasis\train_Psoriasis-Guttate-112.jpeg,Psoriasis,43.46223068237305,FST I-II (Light)
datasets\final\test\Psoriasis\train_Psoriasis-Guttate-124.jpeg,Psoriasis,48.99091339111328,FST I-II (Light)
datasets\final\test\Psoriasis\train_Psoriasis-Guttate-16.jpeg,Psoriasis,31.429567337036133,FST III (Medium)
datasets\final\test\Psoriasis\train_Psoriasis-Guttate-34.jpeg,Psoriasis,37.983497619628906,FST III (Medium)
datasets\final\test\Psoriasis\train_Psoriasis-Guttate-38.jpg,Psoriasis,23.247270584106445,FST IV (Olive)
datasets\final\test\Psoriasis\train_Psoriasis-Guttate-53.jpeg,Psoriasis,26.720745086669922,FST IV (Olive)
datasets\final\test\Psoriasis\train_Psoriasis-Guttate-8.jpeg,Psoriasis,38.35692596435547,FST III (Medium)
datasets\final\test\Psoriasis\train_Psoriasis-Guttate-90.jpeg,Psoriasis,46.15967559814453,FST I-II (Light)
datasets\final\test\Psoriasis\train_Psoriasis-Hand-47.jpg,Psoriasis,33.17851257324219,FST III (Medium)
datasets\final\test\Psoriasis\train_Psoriasis-Hand-53.jpeg,Psoriasis,41.88656234741211,FST I-II (Light)
datasets\final\test\Psoriasis\train_Psoriasis-Hand-55.jpeg,Psoriasis,22.416149139404297,FST IV (Olive)
datasets\final\test\Psoriasis\train_Psoriasis-Histology-21.jpg,Psoriasis,41.4964714050293,FST I-II (Light)
datasets\final\test\Psoriasis\train_Psoriasis-HIV-2.jpeg,Psoriasis,23.30489158630371,FST IV (Olive)
datasets\final\test\Psoriasis\train_Psoriasis-inversus-22.jpeg,Psoriasis,39.15543746948242,FST III (Medium)
datasets\final\test\Psoriasis\train_Psoriasis-inversus-24.jpeg,Psoriasis,46.796142578125,FST I-II (Light)
datasets\final\test\Psoriasis\train_Psoriasis-inversus-8.jpeg,Psoriasis,29.659109115600586,FST III (Medium)
datasets\final\test\Psoriasis\train_Psoriasis-nails-20.jpeg,Psoriasis,37.609588623046875,FST III (Medium)
datasets\final\test\Psoriasis\train_Psoriasis-nails-21.jpeg,Psoriasis,43.593017578125,FST I-II (Light)
datasets\final\test\Psoriasis\train_Psoriasis-nails-26.jpeg,Psoriasis,39.87964630126953,FST III (Medium)
datasets\final\test\Psoriasis\train_Psoriasis-nails-3.jpeg,Psoriasis,35.77607727050781,FST III (Medium)
datasets\final\test\Psoriasis\train_Psoriasis-nails-32.jpeg,Psoriasis,46.548160552978516,FST I-II (Light)
datasets\final\test\Psoriasis\train_psoriasis-palms-soles-106.jpg,Psoriasis,24.227745056152344,FST IV (Olive)
datasets\final\test\Psoriasis\train_psoriasis-palms-soles-111.jpeg,Psoriasis,21.447736740112305,FST IV (Olive)
datasets\final\test\Psoriasis\train_psoriasis-palms-soles-126.jpeg,Psoriasis,30.661884307861328,FST III (Medium)
datasets\final\test\Psoriasis\train_psoriasis-palms-soles-160.jpeg,Psoriasis,24.0389347076416,FST IV (Olive)
datasets\final\test\Psoriasis\train_psoriasis-palms-soles-162.jpeg,Psoriasis,17.94940185546875,FST V-VI (Dark)
datasets\final\test\Psoriasis\train_psoriasis-palms-soles-165.jpeg,Psoriasis,32.14436721801758,FST III (Medium)
datasets\final\test\Psoriasis\train_psoriasis-palms-soles-175.jpeg,Psoriasis,37.26640319824219,FST III (Medium)
datasets\final\test\Psoriasis\train_psoriasis-palms-soles-187.jpg,Psoriasis,18.68191146850586,FST V-VI (Dark)
datasets\final\test\Psoriasis\train_psoriasis-palms-soles-191.jpeg,Psoriasis,20.510860443115234,FST IV (Olive)
datasets\final\test\Psoriasis\train_psoriasis-palms-soles-79.jpeg,Psoriasis,24.41073989868164,FST IV (Olive)
datasets\final\test\Psoriasis\train_psoriasis-palms-soles-81.jpeg,Psoriasis,8.949458122253418,FST V-VI (Dark)
datasets\final\test\Psoriasis\train_psoriasis-palms-soles-84.jpeg,Psoriasis,39.289405822753906,FST III (Medium)
datasets\final\test\Psoriasis\train_Psoriasis-penis-11.jpeg,Psoriasis,40.56733322143555,FST III (Medium)
datasets\final\test\Psoriasis\train_Psoriasis-penis-17.jpeg,Psoriasis,-10.261374473571777,FST V-VI (Dark)
datasets\final\test\Psoriasis\train_Psoriasis-penis-23.jpeg,Psoriasis,32.80495071411133,FST III (Medium)
datasets\final\test\Psoriasis\train_Psoriasis-penis-24.jpeg,Psoriasis,36.51105499267578,FST III (Medium)
datasets\final\test\Psoriasis\train_Psoriasis-penis-25.jpeg,Psoriasis,31.974157333374023,FST III (Medium)
datasets\final\test\Psoriasis\train_psoriasis-pustular-generalized-13.jpg,Psoriasis,46.11600875854492,FST I-II (Light)
datasets\final\test\Psoriasis\train_psoriasis-pustular-generalized-22.jpeg,Psoriasis,23.110443115234375,FST IV (Olive)
datasets\final\test\Psoriasis\train_psoriasis-pustular-generalized-41.jpeg,Psoriasis,24.32557487487793,FST IV (Olive)
datasets\final\test\Psoriasis\train_psoriasis-pustular-generalized-48.jpeg,Psoriasis,40.634742736816406,FST III (Medium)
datasets\final\test\Psoriasis\train_psoriasis-pustular-generalized-6.jpeg,Psoriasis,38.25442123413086,FST III (Medium)
datasets\final\test\Psoriasis\train_psoriasis-scalp-101.jpeg,Psoriasis,26.732093811035156,FST IV (Olive)
datasets\final\test\Psoriasis\train_psoriasis-scalp-106.jpeg,Psoriasis,8.714733123779297,FST V-VI (Dark)
datasets\final\test\Psoriasis\train_psoriasis-scalp-20.jpeg,Psoriasis,18.946504592895508,FST V-VI (Dark)
datasets\final\test\Psoriasis\train_psoriasis-scalp-34.jpeg,Psoriasis,29.913646697998047,FST III (Medium)
datasets\final\test\Psoriasis\train_psoriasis-scalp-44.jpeg,Psoriasis,38.955909729003906,FST III (Medium)
datasets\final\test\Psoriasis\train_psoriasis-scalp-47.jpeg,Psoriasis,28.940013885498047,FST III (Medium)
datasets\final\test\Psoriasis\train_psoriasis-scalp-48.jpeg,Psoriasis,41.295372009277344,FST I-II (Light)
datasets\final\test\Psoriasis\train_psoriasis-scalp-54.jpeg,Psoriasis,40.3286247253418,FST III (Medium)
datasets\final\test\Psoriasis\train_psoriasis-scalp-58.jpeg,Psoriasis,23.498565673828125,FST IV (Olive)
datasets\final\test\Psoriasis\train_psoriasis-scalp-72.jpeg,Psoriasis,16.858400344848633,FST V-VI (Dark)
datasets\final\test\Psoriasis\train_psoriasis-scalp-81.jpeg,Psoriasis,12.699584007263184,FST V-VI (Dark)
datasets\final\test\Psoriasis\train_psoriasis-scalp-84.jpeg,Psoriasis,28.0948429107666,FST III (Medium)
datasets\final\test\Psoriasis\train_psoriasis-scalp-88.jpeg,Psoriasis,24.502660751342773,FST IV (Olive)
datasets\final\test\Psoriasis\train_psoriasis-scalp-9.jpg,Psoriasis,28.855661392211914,FST III (Medium)
datasets\final\test\Psoriasis\train_psoriasis-scalp-95.jpg,Psoriasis,29.299009323120117,FST III (Medium)
datasets\final\test\Psoriasis\train_Psoriasis-vulva-1.jpeg,Psoriasis,32.61924362182617,FST III (Medium)
datasets\final\test\Psoriasis\train_reiter-syndrome-13.jpg,Psoriasis,1.432096242904663,FST V-VI (Dark)
datasets\final\test\Psoriasis\train_reiter-syndrome-14.jpg,Psoriasis,13.212746620178223,FST V-VI (Dark)
datasets\final\test\Psoriasis\train_reiter-syndrome-15.jpg,Psoriasis,34.13594055175781,FST III (Medium)
datasets\final\test\Psoriasis\train_scalp-psoriasis-0011__ProtectWyJQcm90ZWN0Il0_FocusFillWzI5NCwyMjIsIngiLDFd.jpeg,Psoriasis,48.202022552490234,FST I-II (Light)
datasets\final\test\Psoriasis\train_seborrheic-dermatitis-12.jpg,Psoriasis,31.429567337036133,FST III (Medium)
datasets\final\test\Psoriasis\train_seborrheic-dermatitis-125.jpg,Psoriasis,31.630661010742188,FST III (Medium)
datasets\final\test\Psoriasis\train_seborrheic-dermatitis-131.jpg,Psoriasis,28.13440704345703,FST III (Medium)
datasets\final\test\Psoriasis\train_seborrheic-dermatitis-134.jpg,Psoriasis,34.47221374511719,FST III (Medium)
datasets\final\test\Psoriasis\train_seborrheic-dermatitis-139.jpg,Psoriasis,35.98067855834961,FST III (Medium)
datasets\final\test\Psoriasis\train_seborrheic-dermatitis-152.jpg,Psoriasis,40.05592346191406,FST III (Medium)
datasets\final\test\Psoriasis\train_seborrheic-dermatitis-83.jpg,Psoriasis,34.237464904785156,FST III (Medium)
datasets\final\test\Psoriasis\train_severe-neck-psoriasis__ProtectWyJQcm90ZWN0Il0_FocusFillWzI5NCwyMjIsIngiLDIzXQ.jpeg,Psoriasis,30.101306915283203,FST III (Medium)
datasets\final\test\Psoriasis\valid_08psoriasisAnus.jpeg,Psoriasis,22.340646743774414,FST IV (Olive)
datasets\final\test\Psoriasis\valid_3576__ProtectWyJQcm90ZWN0Il0_FocusFillWzI5NCwyMjIsIngiLDFd.jpeg,Psoriasis,39.5484504699707,FST III (Medium)
datasets\final\test\Psoriasis\valid_facial-psoriasis-002__ProtectWyJQcm90ZWN0Il0_FocusFillWzI5NCwyMjIsIngiLDFd.jpeg,Psoriasis,29.875991821289062,FST III (Medium)
datasets\final\test\Psoriasis\valid_facial-psoriasis06__ProtectWyJQcm90ZWN0Il0_FocusFillWzI5NCwyMjIsIngiLDFd.jpeg,Psoriasis,38.61125564575195,FST III (Medium)
datasets\final\test\Psoriasis\valid_facial-psoriasis26__ProtectWyJQcm90ZWN0Il0_FocusFillWzI5NCwyMjIsIngiLDFd.jpeg,Psoriasis,30.448625564575195,FST III (Medium)
datasets\final\test\Psoriasis\valid_facial-psoriasis28__ProtectWyJQcm90ZWN0Il0_FocusFillWzI5NCwyMjIsIngiLDFd.jpeg,Psoriasis,28.34989356994629,FST III (Medium)
datasets\final\test\Psoriasis\valid_facial-psoriasis29__ProtectWyJQcm90ZWN0Il0_FocusFillWzI5NCwyMjIsIngiLDFd.jpeg,Psoriasis,30.727487564086914,FST III (Medium)
datasets\final\test\Tinea\test_erosio-interdigitalis-blastomycetica-24.jpg,Tinea,42.67561721801758,FST I-II (Light)
datasets\final\test\Tinea\test_erosio-interdigitalis-blastomycetica-36.jpg,Tinea,35.049373626708984,FST III (Medium)
datasets\final\test\Tinea\test_intertrigo-57.jpg,Tinea,36.41206359863281,FST III (Medium)
datasets\final\test\Tinea\test_perleche-1.jpg,Tinea,32.228755950927734,FST III (Medium)
datasets\final\test\Tinea\test_pityrosporum-folliculitis-3.jpg,Tinea,33.146995544433594,FST III (Medium)
datasets\final\test\Tinea\test_tinea-beard-3.jpeg,Tinea,37.061737060546875,FST III (Medium)
datasets\final\test\Tinea\test_tinea-body-132.jpeg,Tinea,25.01689338684082,FST IV (Olive)
datasets\final\test\Tinea\test_tinea-body-152.jpeg,Tinea,37.29066848754883,FST III (Medium)
datasets\final\test\Tinea\test_tinea-foot-plantar-30.jpeg,Tinea,35.764442443847656,FST III (Medium)
datasets\final\test\Tinea\test_tinea-foot-webs-80.jpeg,Tinea,38.706050872802734,FST III (Medium)
datasets\final\test\Tinea\test_tinea-laboratory-46.jpg,Tinea,25.27772331237793,FST IV (Olive)
datasets\final\test\Tinea\test_tinea-scalp-47.jpeg,Tinea,36.99527359008789,FST III (Medium)
datasets\final\test\Tinea\test_tinea-versicolor-168.jpeg,Tinea,44.55585479736328,FST I-II (Light)
datasets\final\test\Tinea\train_03ContactDerm050127.jpg,Tinea,32.4986457824707,FST III (Medium)
datasets\final\test\Tinea\train_13IntertirgoRxSteroids090102.jpg,Tinea,33.401668548583984,FST III (Medium)
datasets\final\test\Tinea\train_13tineaCApitis98-GP3.jpg,Tinea,-13.92834186553955,FST V-VI (Dark)
datasets\final\test\Tinea\train_13tineaCorporis0808059.jpg,Tinea,38.31613540649414,FST III (Medium)
datasets\final\test\Tinea\train_13TineaGroinBorder.jpg,Tinea,25.062007904052734,FST IV (Olive)
datasets\final\test\Tinea\train_candidiasis-large-skin-folds-18.jpg,Tinea,34.630802154541016,FST III (Medium)
datasets\final\test\Tinea\train_erosio-interdigitalis-blastomycetica-1.jpg,Tinea,27.790443420410156,FST IV (Olive)
datasets\final\test\Tinea\train_erosio-interdigitalis-blastomycetica-10.jpg,Tinea,43.31531524658203,FST I-II (Light)
datasets\final\test\Tinea\train_erosio-interdigitalis-blastomycetica-14.jpg,Tinea,34.2868766784668,FST III (Medium)
datasets\final\test\Tinea\train_erosio-interdigitalis-blastomycetica-32.jpg,Tinea,29.15378761291504,FST III (Medium)
datasets\final\test\Tinea\train_erythrasma-1.jpg,Tinea,42.75824737548828,FST I-II (Light)
datasets\final\test\Tinea\train_erythrasma-8.jpg,Tinea,24.936927795410156,FST IV (Olive)
datasets\final\test\Tinea\train_intertrigo-10.jpg,Tinea,30.411083221435547,FST III (Medium)
datasets\final\test\Tinea\train_intertrigo-13.jpg,Tinea,33.13561248779297,FST III (Medium)
datasets\final\test\Tinea\train_intertrigo-24.jpg,Tinea,33.12373733520508,FST III (Medium)
datasets\final\test\Tinea\train_intertrigo-55.jpg,Tinea,31.930683135986328,FST III (Medium)
datasets\final\test\Tinea\train_intertrigo-63.jpg,Tinea,26.397520065307617,FST IV (Olive)
datasets\final\test\Tinea\train_intertrigo-78.jpg,Tinea,36.80192947387695,FST III (Medium)
datasets\final\test\Tinea\train_intertrigo-85.jpg,Tinea,17.818889617919922,FST V-VI (Dark)
datasets\final\test\Tinea\train_kerion-11.jpg,Tinea,22.08717155456543,FST IV (Olive)
datasets\final\test\Tinea\train_kerion-3.jpg,Tinea,-17.86486053466797,FST V-VI (Dark)
datasets\final\test\Tinea\train_MonialisisIMG002-GP3.jpg,Tinea,6.736011028289795,FST V-VI (Dark)
datasets\final\test\Tinea\train_perleche-3.jpg,Tinea,22.680561065673828,FST IV (Olive)
datasets\final\test\Tinea\train_perleche-31.jpg,Tinea,24.904767990112305,FST IV (Olive)
datasets\final\test\Tinea\train_pityrosporum-folliculitis-10.jpg,Tinea,23.252592086791992,FST IV (Olive)
datasets\final\test\Tinea\train_tinea-beard-17.jpg,Tinea,25.16407585144043,FST IV (Olive)
datasets\final\test\Tinea\train_tinea-body-10.jpg,Tinea,21.5878849029541,FST IV (Olive)
datasets\final\test\Tinea\train_tinea-body-105.jpg,Tinea,28.156190872192383,FST III (Medium)
datasets\final\test\Tinea\train_tinea-body-120.jpg,Tinea,19.6778564453125,FST IV (Olive)
datasets\final\test\Tinea\train_tinea-body-136.jpg,Tinea,38.43730163574219,FST III (Medium)
datasets\final\test\Tinea\train_tinea-body-158.jpeg,Tinea,43.3028450012207,FST I-II (Light)
datasets\final\test\Tinea\train_tinea-body-169.jpeg,Tinea,37.39016342163086,FST III (Medium)
datasets\final\test\Tinea\train_tinea-body-184.jpg,Tinea,46.958065032958984,FST I-II (Light)
datasets\final\test\Tinea\train_tinea-body-186.jpeg,Tinea,45.0,FST I-II (Light)
datasets\final\test\Tinea\train_tinea-body-199.jpeg,Tinea,31.159305572509766,FST III (Medium)
datasets\final\test\Tinea\train_tinea-body-98.jpg,Tinea,22.359695434570312,FST IV (Olive)
datasets\final\test\Tinea\train_tinea-face-20.jpeg,Tinea,33.59128189086914,FST III (Medium)
datasets\final\test\Tinea\train_tinea-face-3.jpeg,Tinea,44.777061462402344,FST I-II (Light)
datasets\final\test\Tinea\train_tinea-face-31.jpeg,Tinea,43.54187774658203,FST I-II (Light)
datasets\final\test\Tinea\train_tinea-face-36.jpeg,Tinea,38.65980911254883,FST III (Medium)
datasets\final\test\Tinea\train_tinea-face-5.jpeg,Tinea,37.9074821472168,FST III (Medium)
datasets\final\test\Tinea\train_tinea-face-9.jpg,Tinea,38.65980911254883,FST III (Medium)
datasets\final\test\Tinea\train_tinea-foot-dorsum-1.jpeg,Tinea,33.58901596069336,FST III (Medium)
datasets\final\test\Tinea\train_tinea-foot-dorsum-12.jpeg,Tinea,30.52157211303711,FST III (Medium)
datasets\final\test\Tinea\train_tinea-foot-dorsum-18.jpeg,Tinea,27.5388240814209,FST IV (Olive)
datasets\final\test\Tinea\train_tinea-foot-dorsum-19.jpg,Tinea,41.383888244628906,FST I-II (Light)
datasets\final\test\Tinea\train_tinea-foot-dorsum-22.jpg,Tinea,19.653823852539062,FST IV (Olive)
datasets\final\test\Tinea\train_tinea-foot-dorsum-34.jpeg,Tinea,38.04704284667969,FST III (Medium)
datasets\final\test\Tinea\train_tinea-foot-dorsum-38.jpeg,Tinea,36.79985427856445,FST III (Medium)
datasets\final\test\Tinea\train_tinea-foot-dorsum-39.jpeg,Tinea,47.648807525634766,FST I-II (Light)
datasets\final\test\Tinea\train_tinea-foot-dorsum-52.jpeg,Tinea,38.70457077026367,FST III (Medium)
datasets\final\test\Tinea\train_tinea-foot-dorsum-56.jpeg,Tinea,34.74318313598633,FST III (Medium)
datasets\final\test\Tinea\train_tinea-foot-dorsum-59.jpeg,Tinea,38.899940490722656,FST III (Medium)
datasets\final\test\Tinea\train_tinea-foot-plantar-16.jpeg,Tinea,37.405357360839844,FST III (Medium)
datasets\final\test\Tinea\train_tinea-foot-plantar-19.jpeg,Tinea,39.289405822753906,FST III (Medium)
datasets\final\test\Tinea\train_tinea-foot-webs-13.jpeg,Tinea,42.568050384521484,FST I-II (Light)
datasets\final\test\Tinea\train_tinea-foot-webs-35.jpeg,Tinea,37.46739959716797,FST III (Medium)
datasets\final\test\Tinea\train_tinea-foot-webs-38.jpeg,Tinea,38.45370864868164,FST III (Medium)
datasets\final\test\Tinea\train_tinea-foot-webs-67.jpeg,Tinea,39.846092224121094,FST III (Medium)
datasets\final\test\Tinea\train_tinea-foot-webs-68.jpeg,Tinea,25.8011531829834,FST IV (Olive)
datasets\final\test\Tinea\train_tinea-foot-webs-70.jpeg,Tinea,21.99740219116211,FST IV (Olive)
datasets\final\test\Tinea\train_tinea-groin-101.jpeg,Tinea,30.89988136291504,FST III (Medium)
datasets\final\test\Tinea\train_tinea-groin-20.jpeg,Tinea,36.30449676513672,FST III (Medium)
datasets\final\test\Tinea\train_tinea-groin-23.jpeg,Tinea,38.86777877807617,FST III (Medium)
datasets\final\test\Tinea\train_tinea-groin-34.jpeg,Tinea,22.141239166259766,FST IV (Olive)
datasets\final\test\Tinea\train_tinea-groin-4.jpeg,Tinea,31.022640228271484,FST III (Medium)
datasets\final\test\Tinea\train_tinea-groin-54.jpeg,Tinea,35.497806549072266,FST III (Medium)
datasets\final\test\Tinea\train_tinea-hand-dorsum-10.jpeg,Tinea,27.057554244995117,FST IV (Olive)
datasets\final\test\Tinea\train_tinea-hand-dorsum-20.jpeg,Tinea,28.6389217376709,FST III (Medium)
datasets\final\test\Tinea\train_tinea-hand-dorsum-33.jpeg,Tinea,38.97841262817383,FST III (Medium)
datasets\final\test\Tinea\train_tinea-hand-dorsum-39.jpeg,Tinea,42.01136779785156,FST I-II (Light)
datasets\final\test\Tinea\train_tinea-hand-dorsum-43.jpeg,Tinea,28.201627731323242,FST III (Medium)
datasets\final\test\Tinea\train_tinea-hand-dorsum-60.jpeg,Tinea,40.855377197265625,FST III (Medium)
datasets\final\test\Tinea\train_tinea-hand-dorsum-65.jpeg,Tinea,27.790443420410156,FST IV (Olive)
datasets\final\test\Tinea\train_tinea-incognito-20.jpg,Tinea,33.26487731933594,FST III (Medium)
datasets\final\test\Tinea\train_tinea-incognito-43.jpeg,Tinea,28.442930221557617,FST III (Medium)
datasets\final\test\Tinea\train_tinea-incognito-45.jpeg,Tinea,45.39788055419922,FST I-II (Light)
datasets\final\test\Tinea\train_tinea-incognito-58.jpeg,Tinea,36.27170181274414,FST III (Medium)
datasets\final\test\Tinea\train_tinea-incognito-59.jpeg,Tinea,20.912546157836914,FST IV (Olive)
datasets\final\test\Tinea\train_tinea-laboratory-12.jpg,Tinea,23.198591232299805,FST IV (Olive)
datasets\final\test\Tinea\train_tinea-laboratory-13.jpg,Tinea,40.6317253112793,FST III (Medium)
datasets\final\test\Tinea\train_tinea-laboratory-16.jpg,Tinea,39.345577239990234,FST III (Medium)
datasets\final\test\Tinea\train_tinea-laboratory-30.jpg,Tinea,28.544246673583984,FST III (Medium)
datasets\final\test\Tinea\train_tinea-laboratory-31.jpg,Tinea,27.621074676513672,FST IV (Olive)
datasets\final\test\Tinea\train_tinea-laboratory-37.jpg,Tinea,28.61046028137207,FST III (Medium)
datasets\final\test\Tinea\train_tinea-laboratory-5.jpg,Tinea,21.282649993896484,FST IV (Olive)
datasets\final\test\Tinea\train_tinea-laboratory-52.jpg,Tinea,28.920045852661133,FST III (Medium)
datasets\final\test\Tinea\train_tinea-laboratory-70.jpg,Tinea,38.11357116699219,FST III (Medium)
datasets\final\test\Tinea\train_tinea-palm-14.jpeg,Tinea,36.12671661376953,FST III (Medium)
datasets\final\test\Tinea\train_tinea-palm-19.jpeg,Tinea,33.36636734008789,FST III (Medium)
datasets\final\test\Tinea\train_tinea-palm-25.jpg,Tinea,21.87620735168457,FST IV (Olive)
datasets\final\test\Tinea\train_tinea-palm-27.jpeg,Tinea,41.94130325317383,FST I-II (Light)
datasets\final\test\Tinea\train_tinea-palm-28.jpeg,Tinea,40.17923355102539,FST III (Medium)
datasets\final\test\Tinea\train_tinea-palm-34.jpg,Tinea,22.03622817993164,FST IV (Olive)
datasets\final\test\Tinea\train_tinea-palm-36.jpeg,Tinea,39.41739273071289,FST III (Medium)
datasets\final\test\Tinea\train_tinea-palm-37.jpeg,Tinea,37.498870849609375,FST III (Medium)
datasets\final\test\Tinea\train_tinea-palm-4.jpeg,Tinea,22.99930191040039,FST IV (Olive)
datasets\final\test\Tinea\train_tinea-palm-49.jpeg,Tinea,45.434051513671875,FST I-II (Light)
datasets\final\test\Tinea\train_tinea-palm-5.jpeg,Tinea,29.475889205932617,FST III (Medium)
datasets\final\test\Tinea\train_tinea-primary-lesion-1.jpeg,Tinea,22.166345596313477,FST IV (Olive)
datasets\final\test\Tinea\train_tinea-primary-lesion-21.jpeg,Tinea,32.837799072265625,FST III (Medium)
datasets\final\test\Tinea\train_tinea-primary-lesion-22.jpeg,Tinea,34.39614486694336,FST III (Medium)
datasets\final\test\Tinea\train_tinea-primary-lesion-31.jpeg,Tinea,36.80573654174805,FST III (Medium)
datasets\final\test\Tinea\train_tinea-primary-lesion-4.jpeg,Tinea,39.062583923339844,FST III (Medium)
datasets\final\test\Tinea\train_tinea-primary-lesion-51.jpeg,Tinea,43.3864631652832,FST I-II (Light)
datasets\final\test\Tinea\train_tinea-scalp-1.jpeg,Tinea,29.160249710083008,FST III (Medium)
datasets\final\test\Tinea\train_tinea-scalp-31.jpeg,Tinea,34.61114501953125,FST III (Medium)
datasets\final\test\Tinea\train_tinea-scalp-44.jpeg,Tinea,29.427457809448242,FST III (Medium)
datasets\final\test\Tinea\train_tinea-scalp-64.jpg,Tinea,40.702613830566406,FST III (Medium)
datasets\final\test\Tinea\train_tinea-versicolor-109.jpeg,Tinea,38.21102523803711,FST III (Medium)
datasets\final\test\Tinea\train_tinea-versicolor-13.jpeg,Tinea,31.585899353027344,FST III (Medium)
datasets\final\test\Tinea\train_tinea-versicolor-140.jpeg,Tinea,31.399459838867188,FST III (Medium)
datasets\final\test\Tinea\train_tinea-versicolor-160.jpeg,Tinea,23.484115600585938,FST IV (Olive)
datasets\final\test\Tinea\train_tinea-versicolor-164.jpeg,Tinea,43.22395706176758,FST I-II (Light)
datasets\final\test\Tinea\train_tinea-versicolor-170.jpeg,Tinea,41.58001708984375,FST I-II (Light)
datasets\final\test\Tinea\train_tinea-versicolor-174.jpeg,Tinea,48.012786865234375,FST I-II (Light)
datasets\final\test\Tinea\train_tinea-versicolor-179.jpeg,Tinea,44.53794479370117,FST I-II (Light)
datasets\final\test\Tinea\train_tinea-versicolor-181.jpeg,Tinea,47.642547607421875,FST I-II (Light)
datasets\final\test\Tinea\train_tinea-versicolor-182.jpeg,Tinea,47.85145568847656,FST I-II (Light)
datasets\final\test\Tinea\train_tinea-versicolor-190.jpeg,Tinea,34.114471435546875,FST III (Medium)
datasets\final\test\Tinea\train_tinea-versicolor-193.jpeg,Tinea,30.555965423583984,FST III (Medium)
datasets\final\test\Tinea\train_tinea-versicolor-88.jpeg,Tinea,46.450218200683594,FST I-II (Light)
datasets\final\test\Tinea\train_tinea-versicolor-9.jpeg,Tinea,30.784147262573242,FST III (Medium)
datasets\final\test\Tinea\train_tinped26__ProtectWyJQcm90ZWN0Il0_FocusFillWzI5NCwyMjIsIngiLDFd.jpeg,Tinea,36.00465774536133,FST III (Medium)
datasets\final\test\Tinea\train_tt-tonsurans-adult-2.jpg,Tinea,46.04925537109375,FST I-II (Light)
datasets\final\test\Tinea\valid_tincorp12__ProtectWyJQcm90ZWN0Il0_FocusFillWzI5NCwyMjIsIngiLDBd.jpeg,Tinea,45.64860153198242,FST I-II (Light)
datasets\final\test\Tinea\valid_tincorp14__ProtectWyJQcm90ZWN0Il0_FocusFillWzI5NCwyMjIsInkiLDM2XQ.jpeg,Tinea,37.14668655395508,FST III (Medium)
